Блюдо,Ингредиенты,Ссылка на рецепт,Изображение блюда
Картошка с фаршем и помидорами в духовке,"['Ингредиенты\nКартофель - 5-6 шт.\nФарш мясной - 300 г\nПомидоры - 3-5 шт.\nСыр твёрдый - 100 г\nСметана - 4 ст.л.\nЧеснок - 4-5 зубчиков\nВода - 50 мл\nПрованские травы - по вкусу\nСоль', 'перец - по вкусу']",https://www.iamcook.ru//showrecipe/12449,//img.iamcook.ru/old/upl/recipes/cat/u-28311e07430f886d9ab8e02a76f4fae0.JPG
Салат «Метёлка»,['Ингредиенты\nКапуста белокочанная – 300 г\nСвекла – 100 г\nМорковь – 100 г\nНерафинированное растительное масло – по вкусу\nСок лимона – по вкусу\nЯблоко – 1 шт. (по желанию)\nЧеснок – 1 зубчик (по желанию)\nСвежая зелень - по желанию\nСоль – по желанию\nПерец черный молотый – по желанию'],https://www.iamcook.ru//showrecipe/13713,//img.iamcook.ru/2018/upl/recipes/cat/u6009-dabcd50c3d59acba50e02f0146a6d590.jpg
Тушеные кабачки с рисом и овощами,['Ингредиенты\nРис - 150 г\nПомидор - 1 шт.\nКабачок - 1 шт.\nЛук репчатый - 1 шт.\nМорковь - 1 шт.\nБолгарский перец - 1 шт.\nРастительное масло - 2 ст.л.\nСоль и перец - по вкусу'],https://www.iamcook.ru//showrecipe/15029,//img.iamcook.ru/2018/upl/recipes/cat/u-b299e8ba768ec3e2ca167d4e4521cfae.JPG
Шкмерули,['Ингредиенты\nКурица - 600 г\nМолоко - 100 мл\nВода - 80 мл\nЧеснок - 1 головка\nСоль - по вкусу\nМасло растительное - 30 мл'],https://www.iamcook.ru//showrecipe/8464,//img.iamcook.ru/old/upl/recipes/cat/u-7d4ebbfd612270feac276498627b3280.JPG
Цветная капуста со сметаной в духовке,"['Ингредиенты\nЦветная капуста - 300 г\nСметана - 250 г\nЯйцо куриное - 1 шт.\nСоль', 'перец', 'мускатный орех - по вкусу\nСыр ""Моцарелла"" - 100 г\nМасло сливочное - 10 г']",https://www.iamcook.ru//showrecipe/13865,//img.iamcook.ru/2018/upl/recipes/cat/u-6d2579d0de9621f24344716bb79673fc.jpg
Пышные оладьи на кефире,"['Ингредиенты\nКефир (2,5-3,2 %) – 250 г\nМука пшеничная – 230 г\nЯйцо куриное – 1 шт.\nСахар – 1-2 ст.л.\nСоль – 1 щепотка\nСода – 0.5-1 ч.л. (без горки)\nРастительное масло – для жарки']",https://www.iamcook.ru//showrecipe/10364,//img.iamcook.ru/old/upl/recipes/cat/u6009-864dfda7fa30f078413778f5ea260ae3.jpg
Минтай с морковью и луком (в духовке),['Ингредиенты\nМинтай - 800 г\nМорковь - 2 шт.\nЛук репчатый - 2 шт.\nМасло растительное - 30 мл\nПаста томатная - 2 ст.л.\nВода или красное вино - 50 мл\nСоль и перец - по вкусу\nЧеснок - 2 зубчика'],https://www.iamcook.ru//showrecipe/7459,//img.iamcook.ru/old/upl/recipes/cat/u-b6ecc0158277d4ef2eb2627477a48375.JPG
Суп с фрикадельками и вермишелью,"['Ингредиенты\nВода - 1,7 л\nСвиной фарш - 230 г\nСоль - по вкусу\nЧёрный молотый перец - по вкусу\nРепчатый лук - 1 шт.\nМорковь - 0,5 шт.\nРастительное масло - 60 мл.\nВермишель - 100 г\nКартофель - 5 шт.\nСушеная петрушка - по вкусу\nЛавровый лист - 1 шт.']",https://www.iamcook.ru//showrecipe/4522,//img.iamcook.ru/old/upl/recipes/cat/u-05ad592416b694fbef2c2ee7e774a8f3.jpg
Котлеты «Школьные»,"['Ингредиенты\nФарш мясной - 600 г\nЧерный хлеб - 0,5 буханки (350 г)\nВода или молоко - около 0,5 стакана\nЛук - 1-2 головки\nЧеснок - 1-2 зубчика по желанию\nМасло - для жарки\nСоль', 'молотый перец - по вкусу']",https://www.iamcook.ru//showrecipe/3463,//img.iamcook.ru/old/upl/recipes/cat/u-9f62f801b4f321a2b40c42c3a3c42c92.jpg
Мясо в кисло-сладком соусе,['Ингредиенты\nМясо (свинина) - 400 г\nМорковь - 1 шт.\nПерец болгарский - 1 шт.\nЛук репчатый - 1 шт.\nЧеснок - 1-2 зубчика\nИмбирь - 5 см корня\nСоевый соус - 3 ст.л.\nУксус (9-%) - 1 ст.л.\nТоматная паста - 1 ст.л.\nМасло растительное - 5 ст.л.\nКрахмал - 3 ст.л.\nСахар - 1 ст.л.\nКунжут - 1 ст.л.'],https://www.iamcook.ru//showrecipe/7081,//img.iamcook.ru/old/upl/recipes/cat/u-d9566d9f79be4749684d989db6e86282.JPG
Тушеная капуста как в детском саду,['Ингредиенты\nКапуста белокочанная - 500 г\nМорковь - 1 шт.\nЛук репчатый - 1 шт.\nСливочное масло - 10 г\nРастительное масло - 20 г\nМука пшеничная - 10 г\nТоматная паста - 20 г\nПетрушка - по вкусу\nСоль - по вкусу'],https://www.iamcook.ru//showrecipe/16721,//img.iamcook.ru/2018/upl/recipes/cat/u-0f6bda2a48d5629dae71eda89edd2024.JPG
Жульен в тарталетках с грибами и сыром,['Ингредиенты\nШампиньоны – 400 г\nСметана – 150 г\nСыр – 100 г\nРепчатый лук – 1 шт.\nМука пшеничная – 3 щепотки\nРастительное масло – 1-2 ст.л. (для жарки)\nСмесь итальянских трав – 1-1.5 ч.л. (по вкусу)\nСоль – по вкусу\nМолотый черный перец – по вкусу\nСахар – 1 щепотка (по необходимости)\n\nТарталетки из песочного теста - 12 шт.'],https://www.iamcook.ru//showrecipe/13716,//img.iamcook.ru/2018/upl/recipes/cat/u6009-6fac039fd90dae90d510bb15b16b6246.jpg
Суп сырный с грибами и курицей,"['Ингредиенты\nНа кастрюлю 1,5 литра:\nШампиньоны крупные - 3 шт.\nКартофель средний - 2 шт.\nМорковь - 1 шт.\nЛук репчатый - 1 шт.\nСыр плавленный - 100 г\nГолень куриная - 1 шт.\nСоль - по вкусу\nПерец ч.м. - по вкусу\nЛук зеленый - для подачи\nЧеснок - 1 зубчик\nМасло оливковое - 1 ст.л.\nЗелень - по желанию']",https://www.iamcook.ru//showrecipe/10239,//img.iamcook.ru/old/upl/recipes/cat/u-1ac44fc9deb09a28906c04662a993666.JPG
Картофельная запеканка с фаршем как в детском саду,"['Ингредиенты\nДля готового блюда', 'весом 1 кг (вес нетто):\nКартофель - 595 г\nГовядина (I категории) - 378 г\nЛук - 50 г\nЯйцо 1С - 50 г\nМолоко - 220 г\nМасло растительное - 10 г\nМасло сливочное - 20 г\nСоль пищевая йодированная - 5 г']",https://www.iamcook.ru//showrecipe/15853,//img.iamcook.ru/2018/upl/recipes/cat/u-1df1df6a085838f29e54a9802b82e860.jpg
Банановые панкейки,"['Ингредиенты\nМолоко - 320 мл\nБанан - 1 шт.\nРазрыхлитель - 2 ч.л.\nЯйцо куриное - 1 шт.\nСоль - щепотка\nСахар - 1 ст.л.\nМасло сливочное - 30 г\nМука пшеничная - 1,5 стакана']",https://www.iamcook.ru//showrecipe/5318,//img.iamcook.ru/old/upl/recipes/cat/u-8e743644d5495c77fb2c9c03fe54c655.jpg
Паприкаш из курицы по-венгерски,['Ингредиенты\nКуриное филе - 1 шт.\nСладкий перец красный - 1 шт. (крупный)\nПомидор - 1 шт. (крупный)\nЛук репчатый - 1 шт.\nМука - 1 ст.л.\nСметана (йогурт) - 1 ст.л.\nПаприка сладкая молотая красная - 1 ч.л.\nСоль и перец - по вкусу\nРастительное масло - 1 ст.л.'],https://www.iamcook.ru//showrecipe/14230,//img.iamcook.ru/2018/upl/recipes/cat/u-4c514412c032dc9abc788a196a2d2537.JPG
Тефтели в сливочном соусе,"['Ингредиенты\nФарш мясной - 600 г\nРис готовый - 2/3 стакана\nСливки - 1-1,5 стакана\nСыр - 50-80 г\nЧеснок - 1 зубчик\nКрахмал - 1 ч. л.\nПрованские травы - по вкусу\nСоль - по вкусу']",https://www.iamcook.ru//showrecipe/3118,//img.iamcook.ru/old/upl/recipes/cat/u-0565bfe37c15cd5da0278413da0e5e34.jpg
Куриное «эскимо» в беконе,"['Ингредиенты\nКуриное филе - 2 шт.\nЛук репчатый - 0,5 шт.\nЯйцо - 1 шт.\nМанка (семолина', 'кускус) - 1-2 ст.л.\nСоль - по вкусу\nПерец ч.м. - по вкусу\nБекон - 40 г\nМасло растительное - 1 ст.л.']",https://www.iamcook.ru//showrecipe/13932,//img.iamcook.ru/2018/upl/recipes/cat/u-4aca55a4cf826b77e2357f3ce8b67471.JPG
Салат «Вкусняшка»,"['Ингредиенты\nСвежие огурцы - 200 г\nРепчатый лук - 80 г\nВода кипячёная - 150 мл\nСоль для заправки салата - по вкусу\nСоль для маринования лука - 0,3 ч.л.\nСахар - 0,5 ч.л.\nСтоловый уксус 6 % - 1 ст.л.\nКуриная грудка - 200 г\nЯйцо куриное - 3 шт.\nМайонез - 3-4 ст.л.']",https://www.iamcook.ru//showrecipe/6609,//img.iamcook.ru/old/upl/recipes/cat/u-4c054fe7b37c5289907b29277cda1dee.JPG
Жульен с курицей и шампиньонами в духовке,"['Ингредиенты\nФиле куриной грудки - 500 г\nСвежие шампиньоны - 300 г\nКрупный репчатый лук - 1 шт.\nСыр (""Эдам""', '""Гауда"") - 100 г\nСметана 20% - 250 г\nМука пшеничная - 1 ст.л.\nСливочное масло - 40 г\nМолотый мускатный орех - щепотка\nСоль', 'черный молотый перец - по вкусу']",https://www.iamcook.ru//showrecipe/5481,//img.iamcook.ru/old/upl/recipes/cat/u-8f06f958eb7bfff79629b44c7b52a7bd.jpg
Венский гуляш,"['Ингредиенты\nГовядина - 850 г\nЛук репчатый - 850 г\nПаста томатная - 3 ст.л.\nПаприка - 2 ст.л.\nМасло растительное - 4 ст.л.\nВода - 600 мл\nСоль', 'перец черный молотый - по вкусу']",https://www.iamcook.ru//showrecipe/12695,//img.iamcook.ru/2017/upl/recipes/cat/u-725db55deebb29c5ff02e461a06e87dc.jpg
Наливной пирог с капустой,"['Ингредиенты\nДля теста:\nКефир - 300 мл\nЯйцо куриное - 2 шт.\nМасло растительное - 70 мл\nМука - 1,5 стакана\nСоль - 1 ч.л.\nСахар - 1 ч.л.\nСода - 1 ч.л.\nДля начинки:\nКапуста - 250 г\nЛук - 1 шт.\nЯйцо куриное - 2 шт.\nМасло для жарки\nСоль - по вкусу\nСпеции - по вкусу']",https://www.iamcook.ru//showrecipe/5255,//img.iamcook.ru/old/upl/recipes/cat/u-9b44cd853f8fde043fd8b6400ba37715.JPG
Простые творожные кексы,"['Ингредиенты\nМука пшеничная высшего сорта - 150 г\nСахар - 150 г\nТворог обезжиренный - 130 г\nЯйцо - 2 шт.\nМасло сливочное - 70 г\nРазрыхлитель - 0,5 ч. л.']",https://www.iamcook.ru//showrecipe/3599,//img.iamcook.ru/old/upl/recipes/cat/u-a22d8d2821b5defe2ef9da6e1d7500e3.JPG
Греческий салат с пекинской капустой,"['Ингредиенты\nКапуста пекинская - 1/2 вилка\nФета или брынза - 200 г\nПомидоры - 4 шт\nОгурцы - 2-3 шт\nПерец сладкий - 1 шт\nЛук - 1 головка\nМаслины - 0,5-1 банка\nМасло оливковое - 5 ст.л.\nЛимон - 0,3 шт\nБальзамический уксус - по вкусу\nЧеснок - 1 зубчик\nСухие итальянские травы (орегано', 'базилик и т.д.) - 2 щепотки\nСоль - по вкусу']",https://www.iamcook.ru//showrecipe/2930,//img.iamcook.ru/old/upl/recipes/cat/u-dc4f32d698e123812ceda2e653cbd230.jpg
Тефтели с рисом с подливкой,['Ингредиенты\nТефтели:\nФарш свино-говяжий - 500 г\nЛук репчатый - 1 шт.\nЯйцо куриное - 1 шт.\nРис сырой - 100 г\nМука - 2 ст.л.\nСоль и перец - по вкусу\nПетрушка - 10 г\nРастительное масло - для обжаривания\nПодлива:\nТоматная паста - 1 ст.л.\nСметана - 1 ст.л.\nМука - 1 ст.л.\nВода - 300 мл\nСоль и перец - по вкусу'],https://www.iamcook.ru//showrecipe/11785,//img.iamcook.ru/old/upl/recipes/cat/u5846-b80988809a7a35ff14942418623a6875.jpg
"Филе индейки, запечённое с картофелем и шампиньонами","['Ингредиенты\nФиле индейки - 350 г\nКартофель молодой - 7-8 шт.\nКабачок - 1 шт.\nШампиньоны - 150 г\nЧеснок - 5-6 зубчиков\nСоевый соус - 3 ст.л.\nМасло подсолнечное - 2 ст.л.\nПаприка - 1 ч.л.\nСоль', 'перец - по вкусу\nСыр твёрдый - 50 г\nЛук зелёный', 'петрушка - для подачи']",https://www.iamcook.ru//showrecipe/9004,//img.iamcook.ru/old/upl/recipes/cat/u-c6f021a1ed84c0c7d1b1fd5cdb3fe7cb.JPG
Гречка по-купечески с фаршем,['Ингредиенты\nФарш смешанный - 500 г\nРепчатый лук – 1 шт.\nМорковь – 1 шт.\nЧеснок – 2 зубчика\nМасло растительное – для жарки\nСоль – по вкусу\nМолотый черный перец - по вкусу\nСмесь сушеных итальянских трав – по вкусу\nТоматная паста – 2 ст.л.\nСахар – 1 щепотка (по желанию)\nКрупа гречневая – 1 стакан\nВода – 2 стакана\nСладкий перец – 1 шт. по желанию\nПетрушка/свежая зелень – 1-2 щепотки'],https://www.iamcook.ru//showrecipe/12099,//img.iamcook.ru/old/upl/recipes/cat/u6009-587bb8580e80eda32edab19c6fb061e1.jpg
Солянка мясная,['Ингредиенты\nСвинина мякоть - 300 г\nКолбаса варено-копчёная - 150 г\nКолбаса сырокопчёная - 100 г\nКолбаски баварские - 150 г\nЛук репчатый - 1 шт.\nОгурцы солёные - 1-2 шт.\nТоматная паста - 1 ст.л.\nВода - 2 л\nЛавровый лист - 2 шт.\nПерец - по вкусу\nСоль - по вкусу\nМаслины - 10 шт.\nРассол из маслин - 100 мл\nЛимон - для подачи'],https://www.iamcook.ru//showrecipe/7078,//img.iamcook.ru/old/upl/recipes/cat/u1169-9b378c268d3e280b0a9b6819ee432f98.JPG
Салат «Цезарь» с креветками,"['Ингредиенты\nЛистовой салат (ромэн', 'айсберг...) - 6 горстей\nКреветки королевские - 9-12 шт (или другие - от 300 г)\nПомидоры - 2 шт (или черри от 6-9 шт)\nСыр Пармезан - 3 ст.л. (с верхом)\nБагет', 'чиабатта или батон - 150-200 г\nЧеснок - 1 зубчик\nЗаправка для салата ""Цезарь"" - 3-6 ст.л.\nРастительное масло для жарки - 1 ст.л.']",https://www.iamcook.ru//showrecipe/3003,//img.iamcook.ru/old/upl/recipes/cat/u-a8308566e77ba051c5a4bc1f4d948918.jpg
Открытый пирог «Киш лорен» с курицей и грибами,"['Ингредиенты\nДля теста:\nМаргарин - 125 г\nЯйцо куриное - 1 шт.\nВода - 3 ст. л.\nМука - 250 г\nСоль - 1/3 ч. л.\nРазъемная форма - 24 см.\nДля начинки:\nКуриное филе - 330 г\nГрибы (шампиньоны) - 250 г\nЛук репчатый - 180 г\nПомидоры черри - 14 шт.\nСоль', 'черный молотый перец.\nДля заливки:\nСыр твердый - 150 г\nСливки (33%) - 300 мл.']",https://www.iamcook.ru//showrecipe/2697,//img.iamcook.ru/old/upl/recipes/cat/u-3e8b4bdd2baf014dbcfa778aa917f029.jpg
Курица по-пекински,['Ингредиенты\nКуриное филе - 500 г\nСоевый соус - 2 ст.л.\nБолгарский перец - 150 г\nРисовый уксус - 2 ст.л.\nТоматная паста - 2 ч.л.\nКонсервированный ананас - 100 г\nРастительное масло - 2 ст.л.\nКрахмал - 2 ст.л.\nИмбирь - 10 г\nЧеснок - 2 зубка\nСахар - 3 ч.л.\nВода - 150 мл'],https://www.iamcook.ru//showrecipe/7671,//img.iamcook.ru/old/upl/recipes/cat/u-357783447ef5230bdcecff1db275506e.JPG
Винегрет классический с горошком,['Ингредиенты\nСвекла – 400 г\nКартофель – 250-300 г\nМорковь – 150 г\nНерафинированное подсолнечное/оливковое масло – 2 ст.л.\nСоленые огурцы – 200 г\nЛук салатный – 0.5–1 шт. (по вкусу)\nКвашеная капуста – 100 г (по желанию)\nКонсервированный горошек – 250-400 г (по вкусу)\nДля заправки:\nРастительное масло – 2 ст.л.\nВинный уксус/сок лимона – 1 ст.л.\nГорчица – 1 ч.л.\nСоль – по вкусу\nМолотый черный перец – по вкусу\nСахар – 1 щепотка\nЗеленый лук – 1-2 стебля (по желанию)'],https://www.iamcook.ru//showrecipe/13131,//img.iamcook.ru/2017/upl/recipes/cat/u6009-d578d08d04e059a9ccb4729943b5d3d8.jpg
Суп харчо из говядины,['Ингредиенты\nГовядина – 500 г\nРис – 100 г\nОрехи – 100 г\nСоус ткемали – 3 ст.л.\nЛук – 1 шт.\nСладкий перец – 1 шт.\nКрасный молотый перец – 1/2 ч.л.\nХмели-сунели – 1 ст.л.\nЧеснок – 4 зубчика\nСоль – по вкусу\nТоматная паста – 60 г\nКинза - 3-5 веточек\nЛавровый лист – 2-3 шт.'],https://www.iamcook.ru//showrecipe/10536,//img.iamcook.ru/old/upl/recipes/cat/u-c9b8e12f93f3d665e69b6109cf0a6d19.JPG
Паштет из куриной печени с чесноком,"['Ингредиенты\nПечень куриная - 500 г\nМасло сливочное - 200 г\nСливки - 100 мл\nЧеснок - 2-3 зубчика\nСоль', 'перец - по вкусу']",https://www.iamcook.ru//showrecipe/3327,//img.iamcook.ru/old/upl/recipes/cat/u-e8c1b9a890edecc6baa29803d0a450c8.JPG
Печенье «Поцелуйчики» с творогом,"['Ингредиенты\nМука пшеничная - 210 г\nТворог - 250 г\nМасло сливочное - 80 г\nСахар - 150 г\n\nРазрыхлитель (по желанию) - 0,25-0,5 ч.л.']",https://www.iamcook.ru//showrecipe/5152,//img.iamcook.ru/old/upl/recipes/cat/u-cbdf0a8d38de62bc85105619f1200268.JPG
Рататуй запеченный в духовке,['Ингредиенты\nБаклажан - 1 шт.\nПерец болгарский - 1 шт.\nЛук репчатый - 1 шт.\nКабачки молодые - 2 шт.\nПомидор - 2 шт.\nЧеснок - 3 зубчика\nМасло оливковое - 4 ст.л.\nПерец черный - по вкусу\nСоль - по вкусу'],https://www.iamcook.ru//showrecipe/11232,//img.iamcook.ru/old/upl/recipes/cat/u-74732809cad07a4bdb7ff3036c71e911.JPG
Пирожки «Как пух» на кефире,['Ингредиенты\nМука пшеничная – 480-500 г (3 стакана)\nДрожжи быстродействующие – 7-10 г\nМасло растительное - 125 г (0.5 стакана)\nКефир – 250 мл (1 стакан)\nСоль – 1 ч.л.\nСахар – 1 ст.л.\nНачинка – по вкусу'],https://www.iamcook.ru//showrecipe/12830,//img.iamcook.ru/2017/upl/recipes/cat/u6009-4969e00f1b4769505f2b47a41934e3e3.jpg
Восточные гренки,"['Ингредиенты\nАрмянский лаваш – 1 шт;\nМягкий плавленый сыр «Сливочный» – 200 грамм;\nЧеснок – 3 дольки;\nКрабовые палочки – 100 грамм;\nЗелень укропа – 0', '5 пучка;\nМасло подсолнечное дезодорированное – 3 ст. ложки;\nЯйца куриные – 2 шт;\nМука пшеничная – 1 ч. ложка.']",https://www.iamcook.ru//showrecipe/2959,//img.iamcook.ru/old/upl/recipes/cat/u-4e7de60731e15994a592904b6b106203.jpg
Картофельная лазанья,['Ингредиенты\nКартофель - 1 кг\nФарш куриный - 500 г\nМоцарелла - 200 г\nМолоко - 1 стакан\nМука - 1 ст.л.\nМасло сливочное - 1 ст.л.\nПерец ч.м. - по вкусу\nСоль - по вкусу\nМорковь - 1 шт.\nЛук репчатый - 1 шт.\nПомидор - 1 шт.\nСельдерей - 1 стебель\nТоматный соус (по желанию) - 1 ст.л.\nМасло растительное - 2 ст.л.\nВино (при наличии) - 1-2 ст.л.'],https://www.iamcook.ru//showrecipe/14250,//img.iamcook.ru/2018/upl/recipes/cat/u-99a0873346c89c94905a9f4df4f959d5.JPG
Салат с кальмарами и блинами,['Ингредиенты\nКальмар - 150 г\nЛук репчатый - 2 шт.\nМорковь - 2 шт.\nМасло растительное - 3 ст.л.\nМайонез - 2 ст.л.\nСоль и перец - по вкусу\nДля блинов:\nЯйцо куриное - 4 шт.'],https://www.iamcook.ru//showrecipe/12968,//img.iamcook.ru/2017/upl/recipes/cat/u-15fa597173bdf4f7cfad4959f552f4d4.JPG
Соте из курицы По-турецки,['Ингредиенты\nКуриное филе – 500 г\nТоматная паста – 1-2 ст.л.\nСладкий перец – 200-250 г\nПомидоры в собственном соку – 400 г\nРастительное масло – 1 ст.л.\nСливочное масло – 1 ст.л.\nРепчатый лук – 1 шт.\nСоль – по вкусу\nСахар – по вкусу\nМолотый черны перец - по вкусу\nЧеснок – 2 зубчика\nСмесь прованских трав/тимьян – 1-2 ч.л. (по вкусу)\nСвежая зелень/петрушка – по вкусу (для подачи)'],https://www.iamcook.ru//showrecipe/13974,//img.iamcook.ru/2018/upl/recipes/cat/u6009-dcdb782efc01fe072a003e3a44ec011c.jpg
Яичная запеканка как в детском саду,['Ингредиенты\nЯйцо куриное - 4 шт.\nМолоко - 180 мл\nМасло сливочное - 5 г\nМука пшеничная - 1 ч.л.\nСоль - щепотка'],https://www.iamcook.ru//showrecipe/16969,//img.iamcook.ru/2019/upl/recipes/cat/u-bd82ca62e03e76510db057a39bd232ff.JPG
Бефстроганов из говядины со сливками (классический рецепт),"['Ингредиенты\nГовядина - 600 г\nМолочные сливки 10 % - 200 г\nТоматная паста - 70 г\nЛук - 1 шт.\nПшеничная мука - 2 ст.л.\nРастительное масло - 1-2 ст.л.\nСоль', 'черный перец - по вкусу']",https://www.iamcook.ru//showrecipe/13574,//img.iamcook.ru/2018/upl/recipes/cat/u8194-eb83995acc80f7cb7bd345c6c3c69e70.jpg
Рисовый суп с курицей,"['Ингредиенты\nКурица - 700 г\nКартофель - 300 г\nМорковь - 100 г\nРис - 50 г\nЛук репчатый - 1 шт.\nУкроп свежий - 1 пучок\nСоль - по вкусу\nМасло растительное - 3 ст.л.\nВода - 2,5 л']",https://www.iamcook.ru//showrecipe/5330,//img.iamcook.ru/old/upl/recipes/cat/u-0e13b19669515b63d8f2b7009ba0f133.JPG
"Овощи, запеченные в фольге",['Ингредиенты\nБаклажан - 1 шт.\nКабачок - 1 шт.\nПерец - 400 г\nПомидоры - 250 г\nМорковь - 1 шт.\nШампиньоны - 2 шт.\nЛук репчатый - 1 шт.\nЧеснок - 1 зубчик\nПерец чили - 1 шт.\nПетрушка - по вкусу\nСоль крупнокристаллическая - 1 ст.л.\nРастительное масло - 6 ст.л.'],https://www.iamcook.ru//showrecipe/13270,//img.iamcook.ru/2017/upl/recipes/cat/u-6289be0027eb4bffcf544a374e278c89.jpg
Куриный суп с клецками,"['Ингредиенты\nКуриный окорочок - 400 г\nКартофель - 2 шт.\nМорковь - 1 шт.\nЛук - 1 шт.\nЯйцо куриное - 1 шт.\nМука - 2-3 ст.л.\nСоль - по вкусу\nПерец черный молотый - по вкусу\nЗелень петрушки и укропа - 20 г\nРастительное масло - 1 ст.л.\nБолгарский перец - 0,5 шт.']",https://www.iamcook.ru//showrecipe/8005,//img.iamcook.ru/old/upl/recipes/cat/u-0269eb858bf0f9a09565bfae90ee350d.JPG
Хычины с сыром и картофелем,"['Ингредиенты\nМука пшеничная - 380 г\nКефир - 300 мл\nСода - 0,5 ч.л.\nСоль - щепотка\nСыр адыгейский - 250 г\nКартофель отварной - 250 г\nЧеснок - 3 зубчика\nМасло сливочное - 100 г']",https://www.iamcook.ru//showrecipe/8015,//img.iamcook.ru/old/upl/recipes/cat/u-c5a7ccf0adfc8b7fd63e611ecee70895.JPG
Картофельная запеканка с сыром,"['Ингредиенты\nКартофель - 5 шт.\nСыр твердый - 100 г\nЯйца куриные - 2 шт.\nМайонез - 5 ст. л.\nСоль', 'чеснок и перец черный молотый по вкусу.']",https://www.iamcook.ru//showrecipe/4757,//img.iamcook.ru/old/upl/recipes/cat/u-d3a713f5bf7bf4f95912c161a6e038bb.JPG
Зразы картофельные с капустой,['Ингредиенты\nКартофель большой - 8 шт.\nКапуста - 500 г\nМорковь - 1 шт.\nЛук репчатый - 1 шт.\nМасло растительное - 5 ст.л.\nМолоко - 100 г\nМука - 3 ст.л.\nЯйцо - 1 шт.\nСоль - по вкусу\nПерец ч.м. - по вкусу\nРассол огуречный - 100 г'],https://www.iamcook.ru//showrecipe/8339,//img.iamcook.ru/old/upl/recipes/cat/u-e6ab49cd5ef590079a1c37c1ce9786ff.JPG
Тефтели с картошкой в соусе в духовке,['Ингредиенты\nФарш говяжий жирный - 300 г\nРис - 30 г\nЛук репчатый - 1 шт.\nКартофель - 4 шт.\nСухари панировочные - 2 ст.л.\nСпеции - по вкусу\nСоль - по вкусу\nСоус:\nТоматная паста - 1 ст.л.\nЧеснок - 1 зубчик\nСоль - 0.25 ч.л.\nСахар - 1 ч.л.\nСметана - 1 ст.л.\nВода кипяченая - 300 мл'],https://www.iamcook.ru//showrecipe/12662,//img.iamcook.ru/old/upl/recipes/cat/u-d84733369c4d36951017df09f8bc18a7.jpg
Куриные растрепки,['Ингредиенты\nКуриное филе - 500 г\nЯйцо - 1 шт.\nСыр твердый - 50 г\nМайонез - 2 ст.л.\nЛук - 1 шт.\nЧеснок - 2 зучика\nМука -  2 ст.л.\nПорошок карри - щепотка\nРастительное масло - для жарки\nСоль - по вкусу\nПерец черный молотый - по вкусу'],https://www.iamcook.ru//showrecipe/7366,//img.iamcook.ru/old/upl/recipes/cat/u-152fc2a81d2b3bf139afb2d69bf116f0.JPG
Запеканка из цветной капусты и курицы,"['Ингредиенты\nЦветная капуста - 600 г\nКуриное филе - 300 г\nСыр - 200 г\nЧеснок - 2 зубчика\nЯйца - 3 шт.\nСливки (10%) - 1 стакан\nСоль', 'перец - по вкусу']",https://www.iamcook.ru//showrecipe/3511,//img.iamcook.ru/old/upl/recipes/cat/u-071b740fd78134b208f0f40a1230e47e.JPG
Пицца за 10 минут на сковороде,['Ингредиенты\nТесто:\nМука пшеничная - 0.5 стакана\nЯйцо куриное - 1 шт.\nСметана - 3 ст.л.\nМайонез - 2 ст.л.\nМасло растительное - для смазывания сковороды\nНачинка:\nКолбаса - 100 г\nПомидоры - 100 г\nСыр твердый - 70 г\nЛук зеленый - 1 перо\nКетчуп - 1 ст.л.'],https://www.iamcook.ru//showrecipe/5535,//img.iamcook.ru/old/upl/recipes/cat/u-121a8977035dfd0b99f63c822906b516.JPG
Пирожное «Картошка» из печенья со сгущенкой,['Ингредиенты\nПеченье сливочное - 500 г\nСгущенное молоко - 1 банка\nСливочное масло - 200 г\nКакао порошок - 2 ст.л.\nСахар - 2 ст.л.'],https://www.iamcook.ru//showrecipe/10680,//img.iamcook.ru/old/upl/recipes/cat/u-30b47c22f2a7e6141ed924d688d9e863.JPG
Рулетики из печеночных блинчиков,['Ингредиенты\nДля печеночный блинчиков:\nПечень куриная - 600 г\nМолоко - 1 стакан\nЯйцо куриное - 1-2 шт.\nСоль - по вкусу\nМука пшеничная - 3-4 ст.л.\nДля начинки:\nМорковь - по вкусу\nЛук репчатый - 1 головка\nМасло подсолнечное - для жарки\nЧеснок - по вкусу\nСоль - по вкусу\nСыр творожный (сливочный) - по вкусу'],https://www.iamcook.ru//showrecipe/13941,//img.iamcook.ru/2018/upl/recipes/cat/u-82b06ce897eaf0e0e5fa48a81c01cd61.jpg
Спагетти с курицей в сметанном соусе,['Ингредиенты\nКуриное филе - 300 г\nСпагетти или лапша - 200 г\nСметана - 200 мл\nЧеснок - 2 зубчика\nЛук репчатый - 1 шт.\nПаприка - 0.5 ч.л.\nОрегано - 0.25 ч.л.\nСоль - по вкусу\nПерец - по вкусу\nМасло растительное - 2-3 ст.л.'],https://www.iamcook.ru//showrecipe/12708,//img.iamcook.ru/2017/upl/recipes/cat/u-fef091236ffa6324ada0faac43f66c79.jpg
Кабачки с картошкой и помидорами в духовке,"['Ингредиенты\nКабачок - 500 г\nКартофель - 300 г\nПомидор - 300 г\nЛук репчатый - 1 шт.\nМорковь - 1 шт.\nСметана - 2 ст.л.\nСыр - 50 г\nМасло растительное - 2 ст.л.\nСоль', 'специи - по вкусу\nЗелень - по вкусу']",https://www.iamcook.ru//showrecipe/12401,//img.iamcook.ru/old/upl/recipes/cat/u-e6a4ba7f187259350725362b0e4aa6be.JPG
Быстрое дрожжевое тесто на воде на пирожки,['Ингредиенты\nМука пшеничная - 500 г + 60 г (для опары)\nСухие дрожжи - 10 г\nСахар - 35 г\nВода (теплая) - 300 мл\nРастительное масло - 60 мл\nСоль - 1 ч.л.'],https://www.iamcook.ru//showrecipe/13881,//img.iamcook.ru/2018/upl/recipes/cat/u5859-f50731baf881e9d7c942d25f6f1eb52d.JPG
Тушеная куриная грудка в сливочном соусе,"['Ингредиенты\nКуриная грудка - 700 г\nСливки 20% - 150 мл\nСыр - 100 г\nЧеснок - 2 зубчика\nЗелень - 2 ст.л.\nПаприка сладкая - 1 ч.л.\nСоль', 'черный молотый перец - по вкусу\nРастительное масло - для обжаривания']",https://www.iamcook.ru//showrecipe/3036,//img.iamcook.ru/old/upl/recipes/cat/u1038-ddd77e06608f72c001e8ba248803ca69.JPG
Классические оладьи на молоке,"['Ингредиенты\nМолоко - 200 мл\nМука - 1,5-2 стакана (зависит от муки)\nЯйцо куриное - 1 шт.\nСахар - 1-2 ст.л.\nРазрыхлитель для теста - 1 ч.л. (с горкой)\nСоль - по вкусу\nМасло растительное для жарки - 100 мл']",https://www.iamcook.ru//showrecipe/14093,//img.iamcook.ru/2018/upl/recipes/cat/u-305929b9bb27384dbaff4c7ecb60db3f.JPG
Воздушный творожник,"['Ингредиенты\nТворог (нежирный) - 750 г\nСливочное масло (размягченное) - 185 г\nСахар - 150 г\nКрупа манная - 75 г\nЯйцо куриное (мелкое) - 7 шт.\nЛимон - 1 шт.\nВаниль (или ванильный экстракт 0,5 ч.л.) - 1/2 стручка\nСахарная пудра - для посыпки']",https://www.iamcook.ru//showrecipe/8582,//img.iamcook.ru/old/upl/recipes/cat/u-2152c2cdbae94debe63dde520e42b6ca.jpg
Деруны,['Ингредиенты\nКартофель – 6-7 шт.\nРепчатый лук – 1 шт. (среднего размера)\nЯйцо куриное – 1 шт.\nСоль – по вкусу\nМолотый черный перец – по вкусу\nСвежая зелень – 0.5 пучка\nРастительное масло – для жарки (по необходимости)\nСметанный соус:\nСметана – 200 г\nЗелень – 0.5 пучка\nЧеснок – по вкусу\nСоль/перец – по вкусу\nКартофельный крахмал - по необходимости'],https://www.iamcook.ru//showrecipe/9880,//img.iamcook.ru/old/upl/recipes/cat/u6009-1045f4eb199bc669a60f50ef4f2f43c0.jpg
Пирог с творогом на скорую руку,['Ингредиенты\nПесочная крошка:\nСахар - 120 г\nМука - 300 г\nРазрыхлитель для теста - 1 ч.л.\nКакао - 3 ст.л.\nСливочное масло - 200 г\nТворожная начинка:\nТворог - 600 г\nСахар - 1 стакан\nВанилин или ванильный сахар - по вкусу\nЯйцо - 2 шт.\nКрахмал - 1 ст.л. с горкой'],https://www.iamcook.ru//showrecipe/7142,//img.iamcook.ru/old/upl/recipes/cat/u-8a6935d0f142a93098b8490e800e73ad.jpg
Пирог «Зебра» на сметане,['Ингредиенты\nМука - 210 г\nСметана - 250 г\nСахар - 1.25 стакана\nЯйцо куриное - 4 шт.\nМасло сливочное - 100 г\nКакао -  2 ст.л.\nРазрыхлитель - 8 г\nВанилин - 1 г\nСоль - щепотка'],https://www.iamcook.ru//showrecipe/7309,//img.iamcook.ru/old/upl/recipes/cat/u-4345e0e03228d6d0544f24aab61c231e.jpg
Подлива из курицы со сметаной,"['Ингредиенты\nКуриное филе - 400 г\nСметана - 150 г\nМорковь - 1-2 шт.\nРепчатый лук - 1 шт.\nМука - 30 г\nРастительное масло - 30 мл\nСоль', 'острый перец - по вкусу\nВода - 150 мл']",https://www.iamcook.ru//showrecipe/16186,//img.iamcook.ru/2018/upl/recipes/cat/u8194-bdf64eadfd86e2d325628871f9e79343.jpg
Открытый пирог с сыром и яйцом,['Ингредиенты\nМука пшеничная – 200 г\nМасло сливочное – 100 г\nВода – 4 ст.л.\nСоль – щепотка\nСыр твердый – 100 г\nЯйца куриные – 4 шт.\nЙогурт греческий – 2 ст.л.\nЛук зеленый – пучок\nСоль – по вкусу\nДополнительно:\nЖелток – 1 шт.\nКунжут – по вкусу'],https://www.iamcook.ru//showrecipe/9240,//img.iamcook.ru/old/upl/recipes/cat/u-33e51cf1f2ecd6fbc71da4923d7ab6e4.JPG
Картошка с куриным филе и помидорами в духовке,"['Ингредиенты\nКартошка – 8 шт.\nКуриное филе – 2 шт.\nПомидоры – 2 шт.\nЛук – 1 шт.\nСыр - 50 г\nКефир – 1 стакан\nЧеснок – по вкусу\nСоль', 'перец – по вкусу\nПриправа для курицы – по вкусу\nРастительное масло – 3 ст.л.']",https://www.iamcook.ru//showrecipe/13323,//img.iamcook.ru/2017/upl/recipes/cat/u-9c5246df09bcdc5c5e38942f069c3674.JPG
Кабачковые сэндвичи с сыром,['Ингредиенты\nКабачок - 2 шт.\nЯйцо куриное - 2 шт.\nСыр твердый - 2-3 полоски\nМука - 3-4 ст.л.\nСоль - по вкусу\nПерец черный молотый - по вкусу'],https://www.iamcook.ru//showrecipe/15310,//img.iamcook.ru/2018/upl/recipes/cat/u-f9dafa7d7199a6922b61a9a61f570ec7.JPG
Свекла по-корейски,['Ингредиенты\nСвекла- 450 грамм;\nЧеснок - 1 зубчик;\nСоль - по вкусу;\nСахар - 1 ч. л.;\nУксус яблочный - 2 ст.л;\nКунжут - 1 ч.л.\nЗаправка:\nМасло растительное - 3 ст.л;\nКориандр - 0.5 ч.л;\nПерец красный молотый- 0.25 ч.л;\nЧеснок - 1 зубчик\nПерец острый - 0.5 шт;\nПерец черный молотый - 0.25 ч.л.'],https://www.iamcook.ru//showrecipe/4867,//img.iamcook.ru/old/upl/recipes/cat/u-3573389f32cac8e581364e651df97f6e.jpg
Картофельные гнезда с курицей,"['Ингредиенты\nКартофель очищенный – 0,5 кг\nСоль – по вкусу\nЛук репчатый – 1 шт.\nЧеснок – 1 зуб.\nЯйцо – 1 шт.\nСыр твердый – 70 г\nКуриное филе – 300 г\nМасло растительное – 3 ст.л.\nУкроп – несколько веточек\nПерец черный молотый – по вкусу']",https://www.iamcook.ru//showrecipe/8223,//img.iamcook.ru/old/upl/recipes/cat/u-22215d856436b910c0a3784816ca960c.JPG
Морковча,['Ингредиенты\nМорковь – 1 кг\nЛук репчатый – 1 шт.\nСоль - 1 ст.л. (без горки)\nСахар - 2 ст.л. (без горки)\nРастительное масло – 7-8 ст.л.\nКориандр молотый - 1 ч.л. с горкой (или по вкусу)\nПерец красный молотый – 0.5 ч.л. (или по вкусу)\nУксус 9% - 1-2 ст.л. (по вкусу)\nЧеснок – 2-3 зубчика\nСоевый соус – 1 ст.л. (по желанию)'],https://www.iamcook.ru//showrecipe/11221,//img.iamcook.ru/old/upl/recipes/cat/u6009-6903c2d2411749f762bae505c22bff8c.jpg
Хачапури по-аджарски,['Ингредиенты\nМука пшеничная - 500 г\nСыр сулугуни - 500 г\nИмеретинский сыр/брынза - 500 г\nЯйцо куриное - 5-7 шт. (по вкусу)\nСухие дрожжи - 10 г\nВода - 350 мл\nСоль - 2 ч.л.\nСахар - 1 ч.л.\nРастительное масло - 2 ст.л.\nСливочное масло - 50 г'],https://www.iamcook.ru//showrecipe/10662,//img.iamcook.ru/old/upl/recipes/cat/u6009-513850d3ad1b7e8df3816e7c13134646.jpg
Запеканка из кабачков с курицей,"['Ингредиенты\nМолодые кабачки - 2 шт.\nКуриная грудка - 400-450 г\nЯйцо куриное - 2 шт.\nСметана - 1 ст. л.\nСыр полу-твердый - 50 г\nЛук - 1 шт.\nЧеснок - 3 зубчика\nСвежий укроп - 3 веточки\nРастительное масло - 1 ст. л.\nСоль', 'смесь молотых перцев - по вкусу.']",https://www.iamcook.ru//showrecipe/1764,//img.iamcook.ru/old/upl/recipes/cat/u-beacd0665249ba41a65c50cccd18e833.JPG
Диетический салат с консервированным тунцом,['Ингредиенты\nБанка тунца филе - 1 шт.\nЗеленый горошек - 3 ст.л.\nОгурец свежий - 2 шт.\nСалат зеленый - 30 г\nОливки - 3 ст.л.\nЯблоко зеленое - 1 шт.\nЛимоный сок - 1 ст.л.\nОливковое масло - 2 ст.л.\nЛук зеленый - по вкусу\nКинза\nСоль\nПерец'],https://www.iamcook.ru//showrecipe/11117,//img.iamcook.ru/old/upl/recipes/cat/u-873722a1c0b46badc1ae3af6efcbee93.jpg
Корнуэльский яблочный пирог,['Ингредиенты\nМасло сливочное - 120 г\nЯйцо куриное - 2 шт.\nСахар - 100 г\nСметана - 70 г\nМука пшеничная - 150 г\nРазрыхлитель - 6 г\nВанилин - на кончике ножа\nЯблоко - 2-3 шт.'],https://www.iamcook.ru//showrecipe/5415,//img.iamcook.ru/old/upl/recipes/cat/u-9910a000e7f48d12c4eab15e8c8d57a1.JPG
Тыквенный крем-суп,"['Ингредиенты\nТыква - 500 г\nМорковь - 1 шт.\nЛук репчатый - 1 шт.\nЧеснок - 2 дольки\nОливковое масло - 1 ст.л.\nБульон куриный или вода - 0,5-1 л\nБазилик сухой - по вкусу\nПерец молотый - по вкусу\nСоль - по вкусу']",https://www.iamcook.ru//showrecipe/5249,//img.iamcook.ru/old/upl/recipes/cat/u-a9577d04bd40b13e248ec23b9e6e22ce.JPG
Кабачки в кляре с сыром,['Ингредиенты\nКабачки - 500 г\nКефир - 150 мл\nМука - 5 ст.л.\nСыр - 100 г\nСоль - по вкусу\nПерец черный молотый - 10 г\nЧеснок сушеный молотый - 10 г\nПодсолнечное масло для жарки - 200 мл'],https://www.iamcook.ru//showrecipe/9497,//img.iamcook.ru/old/upl/recipes/cat/u-c9e3285d00f8397488252c01dc72a998.JPG
Бутерброды из лаваша,['Ингредиенты\nТонкий лаваш - 2 шт.\nКолбаса - 200 г\nТвёрдый сыр - 100 г\nПомидор - 1 шт.\nМайонез - 4 ст.л.\nПодсолнечное масло - 80 мл\nСоль - 8 щепоток'],https://www.iamcook.ru//showrecipe/5819,//img.iamcook.ru/old/upl/recipes/cat/u-e6e8c70e6d961670e1034f51a7c76241.jpg
Наггетсы из куриных грудок,['Ингредиенты\nКуриное филе – 2 шт. (500 г)\nСоль – по вкусу\nМолотый черный перец – по вкусу\nКефир/йогурт – 200-250 мл\nКрекеры – 180 г\nСыр твёрдый – 100-150 г\nСредиземноморские травы – по вкусу\nПаприка – по вкусу\nМасло растительное – по  желанию'],https://www.iamcook.ru//showrecipe/10940,//img.iamcook.ru/old/upl/recipes/cat/u6009-53bb048cdf0c266bf5a1de6907cf1c34.jpg
Мексиканский красный рис,['Ингредиенты\nРис - 1 стакан\nРастительное масло - 3 ст.л.\nЧеснок - 2-3 крупных зубчика\nРепчатый лук - 1 шт.\nОстрый перец - 0.25-0.5 шт. (по вкусу)\nБульон или вода - 400-450 мл\nТоматный соус - 150-200 мл\nСоль - по вкусу\nТмин  молотый - по вкусу\nСвежая зелень - по вкусу'],https://www.iamcook.ru//showrecipe/7701,//img.iamcook.ru/old/upl/recipes/cat/u-fb8460ae63abe63e49125d59f97f2af9.jpg
Лепёшки с сыром и зеленью на сковороде,['Ингредиенты\nМука пшеничная – 300 г + для работы с тестом\nКефир – 250 мл + 1-3 ст.л. (в начинку)\nМасло сливочное – 50 г (в тесто) +20 г (для смазывания лепешек)\nСыр рассольный/твёрдый - 400-500 г\nСахар – 1 ч.л.\nСоль – 0.5 ч.л.\nСода – 0.5 ч.л.\nСвежая зелень – по вкусу\nСоль – по вкусу'],https://www.iamcook.ru//showrecipe/11911,//img.iamcook.ru/old/upl/recipes/cat/u6009-09aaab2aa473c27be5d772fadc61778f.jpg
Рулеты из баклажанов с сыром и чесноком,['Ингредиенты\nБаклажан крупный - 1 шт.\nСыр - 100 г\nЧеснок - 2 зубчика\nМайонез - 1 ст.л.\nМасло растительное - 4 ст.л.\nСоль - по вкусу\nЗелень - по вкусу'],https://www.iamcook.ru//showrecipe/9312,//img.iamcook.ru/old/upl/recipes/cat/u-2baea5e1a463f2e86e0307fc69b02010.JPG
Творожная запеканка диетическая,['Ингредиенты\nТворог - 450 грамм;\nЯйца - 2 шт;\nКефир - 100 мл;\nМанка - 90 грамм;\nСахар - 2 ст.л;\nСоль - 1 щепотка;\nВанилин;\nСода - 0.5 ч.л;\nВяленая клюква - 1 горсть.'],https://www.iamcook.ru//showrecipe/2735,//img.iamcook.ru/old/upl/recipes/cat/u1378-270a32529aaf04771be3a73cb1b9547e.jpg
Немецкий картофельный салат,"['Ингредиенты\nКартофель ""в мундире"" - 3 штуки;\nСалями или п/к колбаса - 100 грамм;\nЛук - 1 небольшая головка;\nОгурцы маринованные - около 100 грамм;\nУкроп - 1 пучок;\nРастительное масло - 3-4 ст. ложки;\nГорчица зернистая - 1-1,5 ст. ложки;\nСоль и перец - по вкусу.']",https://www.iamcook.ru//showrecipe/2966,//img.iamcook.ru/old/upl/recipes/cat/u-6218d128d3cc66fcb9e46a8f6dbfdf0f.jpg
Ребрышки по-канадски,"['Ингредиенты\nРебра свиные - 1 кг\nЯблоко большое - 1 шт.\nТоматный соус - 100 г\nСахар коричневый - 1 ст.л.\nСоевый соус - 3 ст.л.\nСоль морская - шепотка\nПерец ч.м. - 0,3 ч.л.\nПерец жгучий - по вкусу\nКорица молотая - 0,5 ч.л.\nПорошок чесночный - 0,5 ч.л.\nПаприка копченая - 1 ч.л.\nЛимонный сок - 1-2 ст.л.']",https://www.iamcook.ru//showrecipe/9011,//img.iamcook.ru/old/upl/recipes/cat/u-5570dc051ed41e0909760ea66d8e4dab.JPG
Ажурные блинчики на кефире и молоке,['Ингредиенты\nМолоко – 1 стакан\nКефир – 1 стакан\nЯйца – 2 шт.\nСахар – 2 ст.л.\nМука – 1 стакан\nРастительное масло – 2 ст.л.\nСоль – щепотка\nСода – 1 ч.л.'],https://www.iamcook.ru//showrecipe/14619,//img.iamcook.ru/2018/upl/recipes/cat/u-3d24feaaf1bf12fd18e3544eb0bfbb8a.JPG
Горячие бутерброды «Деревенский завтрак»,"['Ингредиенты\nБатон – 0,5 шт.\nСосиски – 2 шт.\nСыр твёрдый – 50 г\nЧеснок – 2 дольки\nПомидоры – 1 шт.\nУкроп (зелень) – 3 веточки\nМайонез – 2 ст.л.']",https://www.iamcook.ru//showrecipe/5265,//img.iamcook.ru/old/upl/recipes/cat/u-5fa60e96a13ca0825ac679035367386c.jpg
Хачапури по-имеретински,['Ингредиенты\nДля теста:\nВода - 250 мл\nДрожжи свежие - 20 г\nМука - 400-450 г\nМасло подсолнечное - 3 ст.л.\nСоль - 0.5 ч.л.\nСахар - щепотка\nДля начинки:\nСыр сулугуни - 600 г\nЯйцо - 1 шт.\nМука - 2 ч.л.\nДля смазывания:\nСливочное масло - 30-40 г'],https://www.iamcook.ru//showrecipe/5518,//img.iamcook.ru/old/upl/recipes/cat/u-10a499f2153de6eb0b059debbceec9c8.JPG
Японское карри,['Ингредиенты\nКурица – 500 г\nРис – 300 г\nКартофель – 2-3 шт.\nМорковь – 1 шт.\nЛук репчатый – 1 шт.\nПаста карри – 1-2 ст.л.\nИмбирь молотый – 1 ст.л.\nПриправа карри не острая - 1 ст.л.\nСоль – по вкусу\nМолотый черный перец – по вкусу\nРастительное масло – для жарки\nВода – 600-800 мл или готовый куриный бульон 350-600 мл\nДополнительно:\nМед – 1 ст.л.\nСахар – 1-2 щепотки\nЯблоко – 0.5 шт. (натертое на терке)\nКетчуп – 1-2 ст.л.\nТоматная паста – по вкусу\nСоевый соус – по вкусу\nКорень имбиря – по вкусу\nЧеснок – по вкусу'],https://www.iamcook.ru//showrecipe/6381,//img.iamcook.ru/old/upl/recipes/cat/u-e07e76645165a4ec52f100b34bd18cef.jpg
Рулет из лаваша с красной рыбой,"['Ингредиенты\nЛаваш - 1 шт.\nФиле горбуши или кеты (малосольное) - 200 г\nСыр плавленный сливочный - 180 г\nЗелень - по вкусу\nЛимонный сок - 0,5 ч.л.']",https://www.iamcook.ru//showrecipe/7113,//img.iamcook.ru/old/upl/recipes/cat/u-660b7c4f60eb2aedbe56df12ead608a8.JPG
Чашушули по-грузински (из говядины),"['Ингредиенты\nГовядина - 350 г\nЛук репчатый - 200 г\nПомидоры - 350 г\nПерец болгарский - 1-2 шт.\nЗелень (базилик', 'укроп) - по 30 г\nМасло сливочное - 30 г\nЧеснок - 3-4 зубчика\nСоль', 'специи - по вкусу']",https://www.iamcook.ru//showrecipe/14649,//img.iamcook.ru/2018/upl/recipes/cat/u-9e8e879aa61868e29a50bce751b5b265.JPG
"Салат с креветками, авокадо и черри","['Ингредиенты\nКреветки салатные - 100 г\nспелый авокадо - 1 шт\nпомидоры черри - 10 шт\nлистья салата - 0,5 пучка\nукроп - 2 веточки\nчеснок - 1 зубчик\nоливковое масло - 2 ст.л.\nлимонный сок  - 1 ч.л\nчерный молотый перец', 'соль']",https://www.iamcook.ru//showrecipe/2454,//img.iamcook.ru/old/upl/recipes/cat/u-2656f1c9fcd1d9d7ae2ae255b64300e5.JPG
Салат с омлетом,"['Ингредиенты\nКуриные яйца - 4 шт.\nМайонез - 2 ст.л. для омлетов и 4 ст.л. для заправки салата\nПодсолнечное масло - 1 ст.л.\nРепчатый лук - 1 шт. (80 г)\nВода для маринования лука - 150 мл\nУксус для маринования лука - 0,5 ст.л.\nСолёные огурцы - 2-3 шт.\nВетчина - 160 г\nСоль - 3 щепотки\nЧёрный молотый перец - по вкусу']",https://www.iamcook.ru//showrecipe/5614,//img.iamcook.ru/old/upl/recipes/cat/u-eba3f6c381a46a22ed803bedb95eb23a.jpg
Лапша «Ло-мейн»,['Ингредиенты\nКурица/куриное филе - 300-500 г\nМаринад:\nСоевый соус - 1 ст.л.\nСоус чили - 1-2 ч.л. (по вкусу)\nКрахмал кукурузный - 1 ст.л.\n\nЛапша - 200 г\nКунжутное или другое ароматное масло - 1-2 ст.л.\n\nРастительное масло - 2 ст.л.\nЛук зеленый - 3-4 шт.\nИмбирь корень - 5 см\nЧеснок - 1 зубчик\nОстрый перец - по вкусу\n\nСладкий перец - 2-3 шт.\nМорковь - 0.5 шт.\nСоевый соус - 1-2 ст.л. (по вкусу)\nУстричный и другие соусы - по желанию\nКунжутное масло/семена кунжута - по желанию'],https://www.iamcook.ru//showrecipe/7942,//img.iamcook.ru/old/upl/recipes/cat/u6009-56cc3df681060212451653c2fd94670f.jpg
Творожники на сковороде,['Ингредиенты\nТворог - 200 г\nМука - 2-3 ст.л.\nМанная крупа - 2 ст.л.\nСахар - 2 ст.л.\nЯйцо куриное - 1 шт.\nМасло подсолнечное - 2 ст.л.\nСоль - щепотка'],https://www.iamcook.ru//showrecipe/5774,//img.iamcook.ru/old/upl/recipes/cat/u-2b72db5c651dbc19bfa0e4fc8fc808ad.JPG
Мясо по-французски с картошкой и помидорами,['Ингредиенты\nКартофель - 800 г\nСвинина - 600 г\nПомидор - 260 г\nРепчатый лук - 200 г\nСметана - 350-400 г\nСыр (твердого сорта) - 100 г\nЧеснок - 2 средних зубчика\nСоль - по вкусу\nПерец ч.м. - по вкусу\nРастительное масло - для смазывания формы'],https://www.iamcook.ru//showrecipe/10677,//img.iamcook.ru/old/upl/recipes/cat/u-eb92415a6b6adefd986afce84c58a905.JPG
Картофельные котлеты с грибами,"['Ингредиенты\nКартофель - 500 г\nШампиньоны свежие - 150 г\nЛук репчатый - 1 шт.\nЧеснок - 1-2 дольки\nЯйцо - 1 шт.\nУкроп', 'петрушка - 0,5 пучка\nСоль', 'перец - по вкусу\nМука пшеничная - 2 ст.л. + для панировки\nМасло подсолнечное - для обжаривания']",https://www.iamcook.ru//showrecipe/5235,//img.iamcook.ru/old/upl/recipes/cat/u-754a3e78202988693eecf4835885f575.JPG
Запеканка из кабачков с сыром,['Ингредиенты\nКабачок - 1 шт.\nЛук репчатый - 1 шт.\nПерец болгарский - 1 шт.\nПомидор - 1 шт.\nЯйцо куриное - 3 шт.\nСметана или кефир - 120 мл\nСыр - по вкусу\nЗелень - 1 ст. л.\nПерец черный\nСоль'],https://www.iamcook.ru//showrecipe/1625,//img.iamcook.ru/old/upl/recipes/cat/u1378-1aadbd345042cd19ac20904d7c3dc811.jpg
Кутабы с картофелем и сыром,['Ингредиенты\nТесто:\nВода - 250 мл \nМука - 600-650 г \nСоль - 1 ч.л \nРастительное масло - 1 ст.л\nНачинка:\nСыр рассольный (любой) - 200 г\nКартофель - 4 шт.\nЛук зеленый - 50 г\nУкроп - 30 г\nМасло сливочное - 30 г\nСливочное масло - для смазки'],https://www.iamcook.ru//showrecipe/14711,//img.iamcook.ru/2018/upl/recipes/cat/u-1a336e4904b11bf0521a45033fcc1bcf.jpg
Кабачки с морковью по-корейски,"['Ингредиенты\nКабачки – 1 кг\nМорковь – 300-400 г\nРепчатый лук – 1 шт.\nЧеснок – 3-4 зубчика\nСоль – 0.5 – 1 ст.л. (по вкусу)\nСахар – 1 ст.л.\nКориандр/приправа для морковки по-корейски - 1-2 ч.л. (по вкусу)\nОстрый перец – 0.25-0.5 ч.л. (по вкусу)\nУксус – 1-2 ст.л. (по вкусу)\nРастительное масло – 8 ст.л.\nСоевый соус – по вкусу (по желанию)\nПетрушка/кориандр – по вкусу\nКунжут - 2-3 щепотки (по желанию', 'для подачи)']",https://www.iamcook.ru//showrecipe/12115,//img.iamcook.ru/old/upl/recipes/cat/u6009-b6e0ac6afdd8dc36221e840714d6bc49.jpg
Подлива для котлет как в столовой,['Ингредиенты\nЛук репчатый - 1 шт.\nМорковь - 1 шт.\nТоматная паста - 1 ст.л.\nМясной бульон - 200 мл\nСметана - 2 ст.л.\nСпеции - по вкусу\nРастительное масло - 2 ст.л.\nМука - 1 ст.л.'],https://www.iamcook.ru//showrecipe/10771,//img.iamcook.ru/old/upl/recipes/cat/u-ceba120934623b7f760e44764ae6655c.JPG
Панкейки Энди Шефа,"['Ингредиенты\nМука — 250 г\nСахар — 2 ст.л.\nСода — 1,5 ч.л.\nЛимонная кислота — 0,25 ч.л.\nСоль — 0,5 ч.л.\nЯйцо — 1 шт.\nМолоко — 200 мл\nМасло оливковое — 3 ст.л.']",https://www.iamcook.ru//showrecipe/8244,//img.iamcook.ru/old/upl/recipes/cat/u-bb8eca717ce5f543a505cba83dea0ada.JPG
Салат с пекинской капустой и ветчиной,['Ингредиенты\nПекинская капуста - 1 вилок\nВетчина - 150 г\nПерец болгарский - 1 шт.\nОгурец свежий - 1 шт.\nКукуруза консервированная - 200 г\nМайонез - 2 ст.л.\nСоль и перец черный молотый - по вкусу'],https://www.iamcook.ru//showrecipe/10440,//img.iamcook.ru/old/upl/recipes/cat/u-2598436afc1f3f56b2995a0c192f1178.JPG
Цветная капуста в сырном кляре в духовке,['Ингредиенты\nИнгредиенты:\nКапуста цветная - 1 шт.\nСухари панировочные - 1 стакан\nТвёрдый сыр натёртый - 1 стакан\nЧесночный порошок - 1 ч. л.\nПаприка сладкая - 1 ч. л.\nЯйцо куриное - 2 шт.\nСоль - по вкусу'],https://www.iamcook.ru//showrecipe/8996,//img.iamcook.ru/old/upl/recipes/cat/u-034f8637ebadc0b08e74bf3478c46aa4.JPG
Крем-суп из шампиньонов со сливками,"['Ингредиенты\nШампиньоны - 500 г\nЛук репчатый - 2 шт.\nБульон - 500 мл.\nСливки - 200 мл.\nСливочное масло - 30 г\nРастительное масло - 2-3 ст. л.\nМука пшеничная - 1,5 ст. л.\nСоль - 0,5 ч. л.\nЧерный молотый перец - 0,5 ч. л.\nСухарики - для подачи']",https://www.iamcook.ru//showrecipe/4093,//img.iamcook.ru/old/upl/recipes/cat/u1038-86b77002244795dd55344b0469510acc.JPG
"Куриная грудка, запеченная в рукаве",['Ингредиенты\nКуриная грудка - 600 г\nМолотая сладкая паприка - 2 ст. л.\nСушеный базилик - 1 ч. л.\nСоль - по вкусу'],https://www.iamcook.ru//showrecipe/1821,//img.iamcook.ru/old/upl/recipes/cat/u-e03918ba41a4c9a6054a7497b06b012e.JPG
Лоранский пирог с курицей и грибами,['Ингредиенты\nТесто:\nМасло сливочное - 150 г\nМука пшеничная - 2 стакана\nСоль - 1 щепотка\nЯйца куриные - 1 шт.\nНачинка:\nКуриное филе - 400 г\nГрибы шампиньоны - 200 г\nЛук репчатый - 1 шт.\nМасло подсолнечное рафинированное - 50 мл\nПерец черный молотый и соль - по вкусу\nЗаливка:\nПомидоры - 100 г\nГрибы шампиньоны - 2 шт.\nСметана - 1 стакан\nСыр твёрдый - 100 г\nЯйца куриные - 4 шт.'],https://www.iamcook.ru//showrecipe/7214,//img.iamcook.ru/old/upl/recipes/cat/u-3a7846e94c276d100b7b91e933a0295e.jpg
Заливной пирог с курицей и картошкой,"['Ингредиенты\nДля теста:\nСметана 20% - 200 г\nЯйцо 1 категории - 4 шт.\nМука пшеничная - 130 г (7 ст.л.)\nМайонез - 30 г (1 ст.л.)\nСода - 0,5 ч.л.\nУксус - 1 ч.л.\nСоль - 0,5 ч.л.\nДля начинки:\nФиле куриное - 300 г\nКартофель - 2 шт.\nЛук зеленый - 2 пера\nСоль - по вкусу\nПерец ч.м. - по вкусу']",https://www.iamcook.ru//showrecipe/7959,//img.iamcook.ru/old/upl/recipes/cat/u-84dc857b4131b89afc97a8f7a19d5cca.JPG
Спагетти карбонара со сливками (классический рецепт),['Ингредиенты\nСпагетти – 200 г\nБекон – 150 г\nСливки – 150 мл\nЯйцо – 3 шт.\nСыр пармезан – 50 г\nЧеснок – 2 зубчика\nЛук – 2 шт.\nСливочное масло – 1 ч.л.\nРастительное масло – 2 ст.л.\nЧерный молотый перец – щепотка\nСоль – по вкусу'],https://www.iamcook.ru//showrecipe/12654,//img.iamcook.ru/old/upl/recipes/cat/u-59cc136537a0f9edffb762203cbcfc58.JPG
Салат «Фруктовый рай»,['Ингредиенты\nКлубника свежая – 100 грамм;\nБананы – 1 шт;\nКиви – 1 шт;\nАнанасы в сиропе – 100 грамм;\nАпельсины – 1 шт;\nЙогурт клубничный – 150 грамм;\nМиндаль – 30 грамм.'],https://www.iamcook.ru//showrecipe/2763,//img.iamcook.ru/old/upl/recipes/cat/u-3c6c03cbfdd72eda6fc3d3e93ffb69e5.jpg
Картофельная запеканка с куриной печенью,"['Ингредиенты\nКартофельный слой:\nКартофель – 7-9 шт.\nСливочное масло – 40 г\nСоль', 'перец – по вкусу\nМускатный орех – по вкусу\nЯйцо – 2 шт.\nПеченочный слой:\nКуриная печень – 500 г\nРастительное масло – для жарки\nЛук – 1 шт.\nМорковь – 1 шт.\nСоль – по вкусу\nТравы сушеные – по вкусу\nСметана – 3 ст.л.']",https://www.iamcook.ru//showrecipe/13311,//img.iamcook.ru/2017/upl/recipes/cat/u-fcd30e8fb934cc9e701ae50a9db2dbcd.JPG
Овощной салат с яйцом,"['Ингредиенты\nОгурцы - 3 шт;\nРедис - 200 грамм;\nВареные куриные яйца - 2-3 шт;\nЛук зеленый - 0,5 пучка;\nУкроп - 1 пучок;\nСоль', 'подсолнечное масло - по вкусу.']",https://www.iamcook.ru//showrecipe/4865,//img.iamcook.ru/old/upl/recipes/cat/u-87c28ad3a544353b05f3609be33cf942.jpg
Суп «Харчо» с курицей и рисом,['Ингредиенты\nКурица – 1 кг\nРис длиннозернистый - 100 г\nГрецкие орехи – 10-12 шт.\nПомидоры – 4-5 шт.\nКартофель – 2-3 шт. (по желанию)\nМорковь – 1 шт.\nЛук репчатый – 3 шт.\nЧеснок – 3-4 зубчика (по вкусу)\nКинза и петрушка - по 1 пучку\nКорень петрушки - 1 шт. (по желанию)\nТоматная паста – 1-2 ст.л. (по необходимости)\nТкемали – 2 ст.л. (или немного лимонного сока - по вкусу)\nВода – 3 литра\nСпеции:\nЛавровый лист – 3 шт.\nСоль – по вкусу\nМолотый черный и красный перец – по вкусу\nДушистый перец – 4-6 горошин\nКориандр молотый – 1-2 ч.л. (по вкусу)\nХмели-сунели – 2-3 ч.л. (по вкусу)\nЧабер – по вкусу\nПаприка – 1 ст.л.'],https://www.iamcook.ru//showrecipe/10099,//img.iamcook.ru/old/upl/recipes/cat/u6009-878dc1754b5e69c6aebcb3b7fe2b37f0.jpg
Яйцо в хлебе в духовке,['Ингредиенты\nХлеб белый тостовый - 4 шт.\nЯйцо куриное - 2 шт.\nВетчина - 50 г\nСыр твердый - 30 г\nСоль и перец - по вкусу\nПомидор черри - 1 шт.'],https://www.iamcook.ru//showrecipe/13286,//img.iamcook.ru/2017/upl/recipes/cat/u-6ad9cd01937fd31b4d4d878ce4e06325.JPG
Буженина из куриной грудки,['Ингредиенты\nКуриная грудка - 2 шт.\nКрасный перец чили - 1 ч.л.\nПерец черный молотый - 1 ч.л.\nСоль - 1 ч.л.\nЧеснок сушеный в порошке - 1 ч.л.\nПаприка сладкая - 1 ч.л.\nОливковое масло - 1 ст.л.'],https://www.iamcook.ru//showrecipe/10723,//img.iamcook.ru/old/upl/recipes/cat/u-1a9e90aefb9ab5698e012c92c52ae3d7.JPG
Лазанья из макарон,"['Ингредиенты\nМакароны - 250-300 г\nМясной фарш - 500 г\nЛук - 1-2 головки\nТоматный соус - 3-4 ст.л.\nМолоко - 500 мл.\nСливочное масло - 2-2,5 ст.л.\nМука - 1,5-2 ст.л.\nСыр - около 100 г\nОливковое масло - для жарки\nСухие ароматные травы - по вкусу\nСоль - по вкусу']",https://www.iamcook.ru//showrecipe/3581,//img.iamcook.ru/old/upl/recipes/cat/u-d573734cd4c1e9e80810aad1a0cbbe04.jpg
Гренки из бородинского хлеба с чесноком,['Ингредиенты\nБородинский хлеб – 500 г\nЧеснок – 7-9 зубчиков (по вкусу)\nСоль – 0.5-1 ч.л. (без горки)\nОливковое масло – 1 ч.л. (по желанию)\nРастительное масло – 2-3 ст.л. (для жарки)'],https://www.iamcook.ru//showrecipe/13299,//img.iamcook.ru/2017/upl/recipes/cat/u6009-8370488359932aea417140713ee674aa.JPG
Крошка-картошка,"['Ингредиенты\nКартофель - 4 шт.\nСливочное масло - 20 г\nНачинка 1:\nВетчина - 100 г\nСыр Грана Падано - 20 г\nПетрушка - 10 г\nМайонез - 1 ст.л.\nНачинка 2:\nСоус ""Тартар"" с солеными огурцами - 100 г\nНачинка 3:\nКрабовые палочки - 100 г\nСыр твердый - 30 г\nМайонез - 1 ст.л.\nСоль и перец - по вкусу']",https://www.iamcook.ru//showrecipe/10720,//img.iamcook.ru/old/upl/recipes/cat/u-63bd6408e9b1c17c7d6fc640e81059f4.JPG
Суп-пюре из курицы с картофелем,"['Ингредиенты\nКурица - 200 г\nКартофель - 3 шт.\nЛук репчатый - 1 шт.\nМорковь - 1 шт.\nМасло сливочное - 10 г\nСоль - 0,5 ч.л.\nПерец молотый - 1 щепотка\nБелый хлеб - 2 кусочка\nСвежая зелень - 1 веточка\nВода - 1,5 л']",https://www.iamcook.ru//showrecipe/5716,//img.iamcook.ru/old/upl/recipes/cat/u-21005c34b1dfff950693ef4c853b34a7.JPG
Сливочный соус для спагетти,['Ингредиенты\nСыр твердый - 180 г\nСливки (20%) - 150 мл.\nЧеснок - 1 зубчик\nПерец черный молотый по вкусу'],https://www.iamcook.ru//showrecipe/3950,//img.iamcook.ru/old/upl/recipes/cat/u-8855c282f8cd08e2b060ff3e34aa3fb1.JPG
Салат из фунчозы по-корейски,"['Ингредиенты\nВермишель ""Фунчоза"" - 100 г\nФиле куриной грудки - 400 г\nМорковь - 2 шт.\nКрасный сладкий перец - 1 шт.\nКунжут - 1 ст. л.\nРафинированное растительное масло - 2 ст. л.\nЩепотка красного острого молотого перца\nЧеснок - 2-3 зубчика\nСоевый соус - 4 ст. л.\nЗаправка для ""Фунчозы"" - 1 упаковка.']",https://www.iamcook.ru//showrecipe/4030,//img.iamcook.ru/old/upl/recipes/cat/u-ce35af7bdab329e1fbb203e90a573038.JPG
Куриное филе в сметанном кляре,['Ингредиенты\nКуриное филе – 500 г\nЯйцо куриное – 2 шт.\nСметана – 2 ст.л.\nМука пшеничная – 4 ст.л.\nСмесь сушеных итальянских трав – 0.5-1 ч.л.\nСоль – по вкусу\nМолотый черный перец – по вкусу\nРастительное масло – для жарки'],https://www.iamcook.ru//showrecipe/14532,//img.iamcook.ru/2018/upl/recipes/cat/u6009-1ec5bdf9f653b3549bc0423fa00b58d1.jpg
"Мясо, запечённое в маринаде",['Ингредиенты\nМясо (свиная шейка) - 400 г\nЛук репчатый - 2 шт.\nЧеснок - 5-6 зубчиков\nСоевый соус - 2 ст.л.\nСоль - по вкусу\nСмесь перцев - 1 ч.л.\nРозмарин - 1 ч.л.'],https://www.iamcook.ru//showrecipe/7562,//img.iamcook.ru/old/upl/recipes/cat/u-536f805d9e6ecdae10f5956c282e461f.JPG
Картофельные ньокки с базиликом,['Ингредиенты\nКартофель - 4-5 шт.\nМука - 4-6 ст.л.\nЖелток - 1 шт.\nСоль - по вкусу\nМолотый черный перец - по вкусу\nБазилик или другие травы - по вкусу\nСливочное масло - 2-3 ст.л.\nЦедра лимона - по вкусу\nСыр - по вкусу'],https://www.iamcook.ru//showrecipe/5815,//img.iamcook.ru/old/upl/recipes/cat/u-f635dcd283b7c70378d5e29919154507.jpg
Макароны с курицей и овощами на сковороде,"['Ингредиенты\nКурица - 250 г\nМакароны - 150 г\nЛук репчатый - 1 шт.\nМорковь - 1 шт.\nПерец болгарский - 1/2 шт.\nПомидор - 1 шт.\nСельдерей - 1 черешок\nЗелень - по вкусу\nЧеснок - по вкусу\nСоль', 'специи - по вкусу']",https://www.iamcook.ru//showrecipe/14232,//img.iamcook.ru/2018/upl/recipes/cat/u-d7b76ff4d92ddc25ba1df5ab14b2e679.JPG
Песочный пирог с ягодами и сметанной заливкой,"['Ингредиенты\nНа форму диаметром 20 см:\nЯгоды (черника', 'ежевика', 'кр. смородина) - 300 г\nСметана - 150 мл\nЯйцо куриное - 2 шт.\nМука пшеничная - 2 стакана\nМасло сливочное - 100 г\nСоль - 2 щепотки в тесто\nСахар - 100 г (50г в тесто +50г в заливку)']",https://www.iamcook.ru//showrecipe/13258,//img.iamcook.ru/2017/upl/recipes/cat/u-77acc17325bb4895cef9c6cc36bcb5a1.jpg
Фрикадельки с сыром в томатном соусе в духовке,"['Ингредиенты\nФарш мясной - 400 г\nСыр Фета - 100 г\nТоматный сок - 500 мл\nСухая зелень', 'соль', 'перец - по вкусу']",https://www.iamcook.ru//showrecipe/16032,//img.iamcook.ru/2018/upl/recipes/cat/u-34701f690531ad26c130c6ab4ea08e2f.jpg
Еврейская закуска (салат),"['Ингредиенты\nПлавленый сыр - 2 шт.\nКуриное яйцо - 2 шт.\nЧеснок - 2 зубчика\nМайонез - 1-1,5 ст.л.\nСоль - по вкусу\nЧёрный молотый перец - по вкусу']",https://www.iamcook.ru//showrecipe/5599,//img.iamcook.ru/old/upl/recipes/cat/u-8c4931fb42b448c50f7a3ce70d1c5fcb.jpg
Бутерброды со шпротами и творожным сыром,"['Ингредиенты\nШпроты - 150 г\nТворожный сыр - 150 г\nПомидор - 1 шт.\nПетрушка - 4-5 стеблей\nСоль', 'перец - по вкусу\nХлеб чёрный - 5 кусочков']",https://www.iamcook.ru//showrecipe/14696,//img.iamcook.ru/2018/upl/recipes/cat/u-ed0231757aa9e857d50942176b862586.JPG
Творожная запеканка с бананом,['Ингредиенты\nТворог - 500 г\nМанная крупа - 60 г\nБанан - 100 г\nЯйцо крупное - 1 шт.\nСахар ванильный - 40 г\nМолоко - 230 мл'],https://www.iamcook.ru//showrecipe/5671,//img.iamcook.ru/old/upl/recipes/cat/u-de24cecc040eb01c9f40654c87f625e8.jpg
Тефтели в томатном соусе в духовке,['Ингредиенты\nФарш (у меня свиной) - 650 г\nРепчатый лук - 150 г\nРис - 100 г\nЯйцо - 1 шт.\nСоль - по вкусу\nПерец ч. м. - по вкусу\nЧеснок - 2-3 зубчика\nТоматный соус:\nПюре из помидоров - 350-400 мл\nСоль - по вкусу\nБазилик сушеный - по вкусу\nДопольнительно:\nРастительное масло - для смазывания формы'],https://www.iamcook.ru//showrecipe/11744,//img.iamcook.ru/old/upl/recipes/cat/u-7f462a6d9b8b0ff7d4c9edd33be8b031.JPG
Фасоль с чесноком и соевым соусом,['Ингредиенты\nФасоль стручковая – 400 г\nСливочное масло – 1 ст.л.\nРастительное масло – 1 ст.л.\nЧеснок – 2-3 зубчика\nСоевый соус – 1-2 ст.л. (по вкусу)\nКунжут (семена) - 1-2 ст.л.'],https://www.iamcook.ru//showrecipe/13669,//img.iamcook.ru/2018/upl/recipes/cat/u6009-3350ec18dbd37fb5d0f237eba98eed25.jpg
Котлеты по-киевски в духовке,['Ингредиенты\nКуриная грудка (крупная) - 1 шт.\nМасло сливочное - 50 г\nЯйцо куриное - 1 шт.\nПанировочные сухари - по вкусу\nСоль - по вкусу\nСыр твердый - 30 г\nПерец черный (молотый) - по вкусу\nЧеснок - по вкусу\nУкроп (свежий) - по вкусу'],https://www.iamcook.ru//showrecipe/13645,//img.iamcook.ru/2018/upl/recipes/cat/u-0ced11e5528cbd01b26f424f28ebd60b.jpg
Икра кабачковая (классический рецепт),['Ингредиенты\nКабачки - 1 кг\nМорковь - 230 г\nЛук репчатый - 200 г\nМасло растительное - 100 г\nТоматная паста - 90 г\nУксус яблочный - 1 ст.л.\nСоль - 1.5 ч.л.\nСахар - 2 ч.л.\nЧеснок - 2 зубчика\nПерец - по вкусу'],https://www.iamcook.ru//showrecipe/12500,//img.iamcook.ru/old/upl/recipes/cat/u-23bc60d917768de96039f2559b02d246.jpg
Хачапури на сковороде,['Ингредиенты\nКефир - 125 мл\nСметана - 125 мл\nСливочное масло - 100 г\nМука - 300 г\nСоль - 0.5 ч. л.\nСода - 0.5 ч. л.\nСахар - 1 ст. л.\nНачинка:\nСыр твердый - 250 г\nБрынза -100 г\nСметана - 2 ст. л.\nСливочное масло - 25 г'],https://www.iamcook.ru//showrecipe/4065,//img.iamcook.ru/old/upl/recipes/cat/u1378-771e6c80e54a95ee78c89327aca2aef2.jpg
Гречка с овощами в духовке,['Ингредиенты\nГречневая крупа - 170 г\nРепчатый лук - 250 г\nМорковь - 200 г\nБолгарский перец (свежий или замороженный) - 150 г\nКабачок (мякоть) - 200-250 г\nЧеснок - 2 зубчика\nРастительное масло - 4 ст.л.\nВода - 600 мл\nСоль - по вкусу\nПерец ч.м. - по вкусу'],https://www.iamcook.ru//showrecipe/13094,//img.iamcook.ru/2017/upl/recipes/cat/u-d4e5bdcab784e2a191d6657393d2fa52.JPG
Жареные пирожки «Как пух» на кефире,['Ингредиенты\nКефир – 250 г\nДрожжи сухие – 10 г\nЯйцо – 2 шт.\nСахар – 1 ст.л.\nМука – 400 г\nСоль – по вкусу\nРастительное масло – 1 ст.л.\nДля начинки:\nКапуста – 400 г\nМорковь – 1 шт.\nВода – 50 мл\nТоматный сок – 50 мл\nСоль – по вкусу\nЧерный молотый перец – по вкусу'],https://www.iamcook.ru//showrecipe/14323,//img.iamcook.ru/2018/upl/recipes/cat/u-3315ab5e87ee6b9bc7f35618321ea1a8.JPG
Мясные ёжики из говядины как в детском саду,['Ингредиенты\nГовядина (котлетное мясо) - 500 г\nРисовая крупа - 100 г\nЛук репчатый - 1 головка\nСоль - по вкусу\nЯйцо куриное - 1 шт.\nДля соуса:\nМука пшеничная - 20г\nМолоко - 200 мл\nМасло сливочное - 50 г\nСоль - 2 г\nВода - около 100 мл (ориентируйтесь на желаемую густоту соуса)'],https://www.iamcook.ru//showrecipe/16153,//img.iamcook.ru/2018/upl/recipes/cat/u-b1f8cd4fe228f14798522d609f66cd0a.jpg
Манник с яблоками на кефире,['Ингредиенты\nМанная крупа - 1 стакан\nСахар - 1 стакан\nКефир - 1 стакан\nМука пшеничная - 1 стакан\nСода - 0.5 ч.л.\nЯйцо - 1 шт.\nЯблоки - 2 шт.\nКорица - 1 ч.л.'],https://www.iamcook.ru//showrecipe/2888,//img.iamcook.ru/old/upl/recipes/cat/u-6fb1a6b3e383156849da2435ac569593.jpg
Гуляш из куриной печени,['Ингредиенты\nПечень куриная - 500 г\nМасло растительное рафинированное - 3 ст.л.\nЛавровый лист - 2 шт.\nСоль и специи - по вкусу\nЛук репчатый - 1 шт.\nСметана - 2 ст.л.\nМука пшеничная - 1 ст.л.\nВода - 150 мл'],https://www.iamcook.ru//showrecipe/5982,//img.iamcook.ru/old/upl/recipes/cat/u-c3eea2136bd7bbb1abcf272acac8e92a.JPG
Цукаты из апельсиновых корок,['Ингредиенты\nЦукаты из апельсиновых корочек:\nАпельсин – 3-5 шт\nСахар – 2 стакана\nВода – 1 стакан\nСоль – 1 ч.л.\nСок лимона/лимонная кислота - по желанию\nЦукаты «апельсиновые леденцы»:\nАпельсин – 2-3 шт\nСахар – 2 стакана\nВода – 1 стакан \nЧерный шоколад – по желанию'],https://www.iamcook.ru//showrecipe/8900,//img.iamcook.ru/old/upl/recipes/cat/u6009-c778d3f95618cd70dfca47b503b85394.jpg
Десерт «Старая Рига»,['Ингредиенты\nКонсервированные ананасы - 1 банка (380 г)\nТворог - 400 г\nСгущенное молоко - 120 г\nСметана - 200 г\nЖелатин быстрорастворимый - 20 г'],https://www.iamcook.ru//showrecipe/17122,//img.iamcook.ru/2019/upl/recipes/cat/u-d0e3289cb971451e7edb6912835a4712.JPG
Макароны с грибами в сметанном соусе,['Ингредиенты\nМакароны - 100 г\nШампиньоны - 6-7 шт.\nЛук репчатый - 1 шт.\nЧеснок - 1 зубчик\nСметана - 5-6 ст.л.\nБульон (вода) - 3-4 ст.л.\nСоль - по вкусу\nПерец ч.м. - по вкусу\nЗелень любая - пару веточек\nМасло растительное - 2-3 ст.л.'],https://www.iamcook.ru//showrecipe/9825,//img.iamcook.ru/old/upl/recipes/cat/u-061e1b350fa4e78ebbda4a1e9f5d1729.JPG
Маринованные шампиньоны быстрого приготовления,['Ингредиенты\nШампиньоны - 500 г\nРафинированное подсолнечное масло - 50 мл\nСтоловый уксус - 2 ст. л.\nЧерный перец горошком - 10 шт.\nСахар - 1 ч. л.\nЛавровый лист - 2 шт.\nЧеснок - 3 дольки\nВода - 50 мл (НЕ 500 мл)\nСоль - 1 ч. л.'],https://www.iamcook.ru//showrecipe/5349,//img.iamcook.ru/old/upl/recipes/cat/u-bd9a7f6a427fcdf94e63f3a19bf04d3e.jpg
Луковая подлива для котлет,"['Ингредиенты\nЛук репчатый - 300 г\nМасло сливочное - 50 г\nСметана - 100 г\nМука - 1 ст.л.\nПаприка - 1 ч.л.\nМускатный орех - 0,5 ч.л.\nСоль', 'перец - по вкусу']",https://www.iamcook.ru//showrecipe/14963,//img.iamcook.ru/2018/upl/recipes/cat/u-709cf7d5b414b0be867d9a42d08c2ce9.JPG
Маффины шоколадные «Нежные»,['Ингредиенты\nМука пшеничная - 200-250 г\nСахар - 150 г\nСливочное масло - 150 г\nМолоко - 100 мл\nЯйцо куриное - 2 шт.\nКакао-порошок - 40 г\nРазрыхлитель - 2 ч.л. (или 1 ч.л. гашеной соды)'],https://www.iamcook.ru//showrecipe/8931,//img.iamcook.ru/old/upl/recipes/cat/u-28e2675443d61ed3e97649c35d96ac51.jpg
Куриные котлеты для детей,['Ингредиенты\nФарш из филе - 600 г\nБулка белая - 200 г\nЛук белый - 70 г\nЯйцо куриное - 1 шт.\nМолоко - 100 г\nСоль - по вкусу\nПерец ч.м. - по желанию\nПанировочные сухари - 100 г\nМасло сливочное - по желанию'],https://www.iamcook.ru//showrecipe/15583,//img.iamcook.ru/2018/upl/recipes/cat/u-178d9e4fe0390af286bf92a5f27d1949.jpg
Торт «Красный бархат» с кремом чиз,['Ингредиенты\nМука пшеничная - 340 г\nСахар - 200 г\nКакао - 1 ст.л.\nСода - 1 ч.л.\nРазрыхлитель - 2 ч.л.\nСоль - 1/4 ч.л.\nЯйцо - 3 шт.\nМасло растительное - 300 мл\nКефир - 280 мл\nКраситель пищевой алый\nДля крема чиз:\nМасло сливочное - 115 г\nСахарная пудра - 100 г\nСыр сливочный творожный - 340 г'],https://www.iamcook.ru//showrecipe/13489,//img.iamcook.ru/2018/upl/recipes/cat/u-936f78a0b0221e24e4ad7c5ce63c6c31.JPG
Чизкейк «Нью-Йорк»,"['Ингредиенты\nКорж:\nПеченье песочное - 125 г\nСахар - 1 ст.л.\nМасло сливочное - 45 г\nНачинка:\nСливочный сыр ""Филадельфия"" - 400 г\nСахарная пудра - 125 г\nМука пшеничная - 1.5 ст.л.\nЯйцо - 2 шт.\nСметана - 140 мл']",https://www.iamcook.ru//showrecipe/7653,//img.iamcook.ru/old/upl/recipes/cat/u-58323681429d5cc34d9eb0a9ba938817.JPG
Имбирный эль,['Ингредиенты\nСлабоалкогольный имбирный эль:\nКорень имбиря - 2-2.5 ст.л.\nВода – 2 литра\nСахар – 150-200 г\nДрожжи – 0.5-1 ч.л.\nЛимон – 1 шт.\nБезалкогольный имбирный эль:\nКорень имбиря – 4-5 см\nЛимон – 1 шт.\nГазированная вода – 1.5-3 литра (по вкусу)\nСахар – 4-5 ст.л. (по вкусу)\nМята/базилик – для подачи (по желанию)'],https://www.iamcook.ru//showrecipe/10128,//img.iamcook.ru/old/upl/recipes/cat/u6009-acf74b614b21c8fe8e0d813041a2c311.jpg
Суп с домашней лапшой,['Ингредиенты\nВода - 2 литра\nКуриное мясо - 400 г\nЛук - 1 шт.\nМорковь - 1 шт.\nДомашняя лапша - 100 г\nКоренья - 1 ч.л.\nПриправа для курицы - 1/3 ч.л.'],https://www.iamcook.ru//showrecipe/1943,//img.iamcook.ru/old/upl/recipes/cat/u1378-5ab5e94a53aabb5f55709f23c3521a2d.jpg
Грибная подлива из шампиньонов,"['Ингредиенты\nШампиньоны - 300 г\nЛук репчатый - 2 шт.\nМорковь - 1 шт.\nМука пшеничная - 2 ст. л.\nВода - 400 мл\nСметана - 2 ст. л.\nРастительное масло - для жарки\nСоль', 'перец - по вкусу']",https://www.iamcook.ru//showrecipe/2871,//img.iamcook.ru/old/upl/recipes/cat/u-0608d2c6b53377457131085f55a6259d.jpg
Рыба под маринадом (классический рецепт),"['Ингредиенты\nРыба минтай - 700 г\nРепчатый лук - 1 шт.\nМорковь - 1 шт.\nМука пшеничная - 3 ст.л.\nРастительное масло - 100 мл\nТоматная паста - 1 ст.л.\nВода - 1 стакан\nСахар - 0,5 ч.л.\nСоль - по вкусу\nЧёрный молотый перец - по вкусу\nДушистый перец горошек - 4 шт.\nЛавровый лист - 1 шт.\nУксус столовый - 0,5 ст.л.']",https://www.iamcook.ru//showrecipe/8050,//img.iamcook.ru/old/upl/recipes/cat/u-1abdad4e67825e80943253d51b7d3cc2.JPG
Огурцы по-корейски быстрого приготовления,['Ингредиенты\nОгурцы - 300 г\nЧеснок - 1 зубчик (крупный)\nКунжут - 1 ст.л.\nУксус столовый - 1 ст.л.\nСоевый соус - 1 ст.л.\nРастительное масло - 1 ст.л.\nСоль - 1 ч.л.\nПерец красный жгучий молотый - на кончике ножа'],https://www.iamcook.ru//showrecipe/14236,//img.iamcook.ru/2018/upl/recipes/cat/u-f9e5a14c4962c2009d035528df581987.JPG
Узбекские лепешки в духовке,['Ингредиенты\nМука - 430 г\nСоль - 1 ч.л.\nДрожжи сухие - 1 ч.л.\nВода - 290 мл\nКунжут'],https://www.iamcook.ru//showrecipe/1682,//img.iamcook.ru/old/upl/recipes/cat/u-4a2d68dfc071778ac5036e737e289fdd.jpg
Суфле «Птичье молоко»,['Ингредиенты\nВода - 140 г\nАгар-агар - 5 г\nСахар - 330 г\nБелок яичный - 2 шт.\nСливочное масло - 200 г\nСгущенное молоко - 100 г\nВанилин - щепотка'],https://www.iamcook.ru//showrecipe/11465,//img.iamcook.ru/old/upl/recipes/cat/u-fa3ffafe9cfe3a87ace944edec4f40a6.jpg
Сочный мясной пирог из слоёного теста,['Ингредиенты\nТесто готовое слоеное - 500 г\nФарш  свинина и говядина – 600 г\nЛук репчатый – 2 шт.\nЗелень – 1 пучок\nПаприка – 1 ч.л.\nКуркума – 1 ч.л.\nСоль и перец черный – по вкусу\nОстрый перец чили - 1/2 шт.'],https://www.iamcook.ru//showrecipe/5291,//img.iamcook.ru/old/upl/recipes/cat/u-2bd7e41d76149b88bd9437f784d20e64.JPG
"Тонкие блины на кефире, с дырочками",['Ингредиенты\nМука - 1 стакан\nКефир - 1 стакан\nКипяток - 1 стакан\nЯйца - 2 шт.\nСахар - 2 ст.л.\nРастительное масло - 3 ст.л.\nСода - 1 ч.л.\nСоль - щепотка'],https://www.iamcook.ru//showrecipe/7709,//img.iamcook.ru/old/upl/recipes/cat/u-75b17b3a3999cb3155dd80df831f662e.JPG
Куриное суфле как в детском саду,"['Ингредиенты\nРецептура на 300 г готового блюда:\nКуриная грудка (вареная) – 356 г\nЯйцо куриное – 1-2 шт.\nМасло сливочное – 30 г\nСоль – 4 г\nДля соуса:\nМолоко – 120 мл\nМука пшеничная – 12 г\nСоль пищевая – 0,25 г']",https://www.iamcook.ru//showrecipe/16214,//img.iamcook.ru/2018/upl/recipes/cat/u-b2fd53770b1382ddaf0958d9baaa3fb8.jpg
Соус для шаурмы как в ларьках,"['Ингредиенты\nСметана - 3 ст.л.\nМайонез - 3 ст.л.\nКефир (ряженка', 'айран или нежирный кислый йогурт) - 3 ст.л.\nЧеснок - 1-2 зубчика\nОгурец соленый - 1 шт.\nУкроп - несколько веточек\nКарри - 0,5 ч.л.\nКориандр молотый - 0,5 ч.л.\nКумин - 0,5 ч.л.\nСоль и перец ч.м. - по вкусу']",https://www.iamcook.ru//showrecipe/9865,//img.iamcook.ru/old/upl/recipes/cat/u-2604c4a2ab3876e18a6b1a3c6f73694b.JPG
Запеканка из цветной капусты с ветчиной,"['Ингредиенты\nЦветная капуста – 0,5 кг.\nСыр твердый – 100-150 г\nВетчина (или колбаса', 'сосиски)- 150 г\nРепчатый лук - 1 шт.\nУкроп – 5-6 веточек\nЯйца – 4-5 шт.\nМолоко – 300 мл.\nЧеснок – 1-2 зубчика\nСоль – по вкусу\nМасло подсолнечное - для жарки']",https://www.iamcook.ru//showrecipe/1744,//img.iamcook.ru/old/upl/recipes/cat/u-f32ee64a0be88df7e8e9e4943fb4d830.jpg
Подлива из фарша,"['Ингредиенты\nФарш мясной – 400 г\nЛук – 1 головка\nМорковь –  0,5-1 шт.\nТоматный сок - 1,5-2 стакана\nСоль – по вкусу\nЧеснок', 'перцы и травы – по вкусу\nМасло растительное - в зависимости от жирности фарша']",https://www.iamcook.ru//showrecipe/2693,//img.iamcook.ru/old/upl/recipes/cat/u-6786f7a0d6ce0b38d5c332b5e0b19b6c.jpg
Котлеты куриные с кабачком,['Ингредиенты\nКуриное филе - 300 г\nКабачок - 200 г\nЛук репчатый - 1 шт.\nЯйцо - 1 шт.\nМука - 1 ст.л.\nМасло подсолнечное для жарки - 70 мл\nСоль - по вкусу\nПерец черный молотый - по вкусу'],https://www.iamcook.ru//showrecipe/10935,//img.iamcook.ru/old/upl/recipes/cat/u-b57f0386c236543d5946408e5617342f.jpg
Салат Капрезе,"['Ингредиенты\nМоцарелла - 2 шарика\nТоматы - 2-3 шт.\nБазилик - 0.5-1 пучок (по вкусу)\nМолотый черный перец - по вкусу\nОливковое масло - по вкусу\nБальзамический уксус - по желанию\nСоль - по вкусу\n""Зеленый соус"":\nБазилик - 0.5-1 пучок\nЧеснок - 1 зубчик\nОливковое масло - по необходимости']",https://www.iamcook.ru//showrecipe/9245,//img.iamcook.ru/old/upl/recipes/cat/u6009-cc14699a120e3b9fd9ac4a5c5ce79524.jpg
Котлеты из кабачков,['Ингредиенты\nКабачки – 800 г\nСвежая зелень – по вкусу\nСвежая мята – листья 2-3 стеблей (по желанию)\nЗеленый лук – 3-4 стебля\nЧеснок – 1-2 зубчика\nКуриное яйцо – 2 шт.\nСыр – 50 г\nМука пшеничная – 3-5 ст.л.\nПанировка – 200-250 г\nСоль – по вкусу\nМолотый черный перец – по вкусу\nРастительное масло – для жарки\nДополнительно:\nКартофель – 1 шт.'],https://www.iamcook.ru//showrecipe/7036,//img.iamcook.ru/old/upl/recipes/cat/u-50dcdef82b696f17d8a785798cf6d6e8.jpg
Французская ватрушка,['Ингредиенты\nМука пшеничная - 320 г\nМасло сливочное - 180 г\nРазрыхлитель - 1 ч.л.\nНачинка:\nТворог - 500 г\nСахар - 200 г\nВанилин - 1 г\nЯйца - 2 шт.'],https://www.iamcook.ru//showrecipe/5777,//img.iamcook.ru/old/upl/recipes/cat/u-d8ec727c313d0a0ed6d62333c17e3044.JPG
Бризоли,['Ингредиенты\nЯйцо куриное - 3 штуки;\nМолоко - 3 столовые ложки;\nФиле куриной грудки -  300 грамм;\nЛук репчатый - 1 штука;\nМасло подсолнечное - 30 миллилитров;\nСоль - по вкусу;\nПерец черный молотый - по вкусу.'],https://www.iamcook.ru//showrecipe/3649,//img.iamcook.ru/old/upl/recipes/cat/u-403885dc9fbbcefd1ca0f2be551f7b2c.JPG
Японский чизкейк из трёх ингредиентов,['Ингредиенты\nЯйцо куриное - 4 шт.\nСливочный сыр - 160 г\nБелый шоколад - 160 г'],https://www.iamcook.ru//showrecipe/7485,//img.iamcook.ru/old/upl/recipes/cat/u-f318081eb912d20e1de680750a03635c.jpg
Печенье «Ушки» из творога,['Ингредиенты\nТворог - 300 г\nМасло или маргарин - 150 г\nМука - 230 г\nСахар - 150 г\nРазрыхлитель - 0.5 ч.л.\nВанилин или ванильный сахар\nСоль - щепотка'],https://www.iamcook.ru//showrecipe/10675,//img.iamcook.ru/old/upl/recipes/cat/u-bede8e16a06d3cea10514c5bd876338f.jpg
"Макароны, запечённые с сыром в духовке","['Ингредиенты\nМакароны - 400 г\nСыр твёрдый - 200 г\nМолоко - 2 стакана\nЯйцо - 2 шт.\nЧеснок - 2 зубчика\nМука - 2 ст.л.\nМасло сливочное - 2 ст.л.\nСоль', 'перец - по вкусу\nПрованские травы - по вкусу']",https://www.iamcook.ru//showrecipe/8328,//img.iamcook.ru/old/upl/recipes/cat/u1169-de0008a168945c95570252c4f014cdd6.JPG
Заливной пирог с яблоками,['Ингредиенты\nМука пшеничная - 250 г\nСметана - 200 г\nЯблоки - 350 г\nЯйцо куриное - 3 шт.\nСахар - 250 г\nРазрыхлитель - 1.5 ч.л.'],https://www.iamcook.ru//showrecipe/7021,//img.iamcook.ru/old/upl/recipes/cat/u1169-ca19d281b3477e720b0dca9973abfc68.JPG
Манник на молоке,['Ингредиенты\nМанка - 2 стакана\nМолоко - 1 стакан\nСахар - 1 стакан\nЯйца - 2 шт.\nМасло растительное - 100 мл'],https://www.iamcook.ru//showrecipe/2787,//img.iamcook.ru/old/upl/recipes/cat/u-b7be7b083babd4b40543b469379aeb07.JPG
Куриная грудка с помидорами в фольге,"['Ингредиенты\nКуриная грудка без кости - 1 шт. (или 2 куриных филе)\nПомидор свежий - 2 шт.\nСметана - 2 ст.л.\nЧеснок - 1 зубчик\nПриправа для курицы - 0,5 ч.л.\nСоль и перец - по вкусу']",https://www.iamcook.ru//showrecipe/13531,//img.iamcook.ru/2018/upl/recipes/cat/u-03b3d7f3624f1e08712c5f156eee3f17.JPG
Пирог с ветчиной и сыром,['Ингредиенты\nЯйцо куриное - 1 шт.\nКефир - 125 мл\nСоль - 1/3 ч.л.\nСода - 1/3 ч.л.\nМука пшеничная - 70 г\nВетчина - 100 г\nСыр - 70 г\nЗелень - по вкусу'],https://www.iamcook.ru//showrecipe/10557,//img.iamcook.ru/old/upl/recipes/cat/u-ca90cc9fd4b1d0780831669a32570b90.JPG
Суп с куриными фрикадельками,"['Ингредиенты\nФарш куриный - 200 г\nКартофель - 3 шт.\nЛук репчатый - 1 шт.\nМорковь - 1 шт.\nЧеснок - 1 зубчик\nПерец сладкий - 0.5 шт.\nЛавровый лист - 1 шт.\nРафинированное подсолнечное масло - 2 ст. л.\nМакароны (мелкие) - 2 ст. л.\nСоль', 'перец - по вкусу.']",https://www.iamcook.ru//showrecipe/4090,//img.iamcook.ru/old/upl/recipes/cat/u4142-83066b1587d4554cba7e988f7802d449.jpg
Сырный суп с копченой курицей,"['Ингредиенты\nКартофель - 3 шт.\nСыр плавленный - 80 г\nКуриное бедро копченое - 1 шт.\nЛук - 1 шт.\nМорковь - 1 шт.\nОливковое масло - 1 ст.л.\nКуриный бульонный кубик - 1 шт.\nКуркума - 0,5 ч.л.\nУкроп - 5 г\nСоль и перец - по вкусу']",https://www.iamcook.ru//showrecipe/12362,//img.iamcook.ru/old/upl/recipes/cat/u5846-ac0e0b06f44ad00cf194c5526a31a052.JPG
Запеченная куриная грудка с чесноком и помидорами,"['Ингредиенты\nФиле куриной грудки - 2 шт.\nПомидоры черри крупные - 5-6 шт.\nЧеснок - 2 зубчика\nОливковое масло - 3 ст. л.\nСмесь сухих трав (розмарин', 'базилик', 'тимьян) - 0,5 ч. л.\nСоль', 'черный молотый перец']",https://www.iamcook.ru//showrecipe/2876,//img.iamcook.ru/old/upl/recipes/cat/u-0fd9bf5dd894ef0d3fefd00fa5646365.JPG
Сациви из баклажанов,['Ингредиенты\nБаклажаны - 600 г\nОрехи грецкие - 200 г\nЛук репчатый - 1 шт.\nЧеснок - 2 зубчика\nКинза - 1 пучок\nУксус винный - 1 ч.л.\nПерец красный острый - по вкусу\nХмели-сунели - 1 ч.л.\nСоль - 0.5 ч.л.\nШафран имеретинский - 0.5 ч.л.\nМасло растительное - для обжарки'],https://www.iamcook.ru//showrecipe/12024,//img.iamcook.ru/old/upl/recipes/cat/u-9558af3323e6991498cf41a8e88a9c3c.jpg
Лимонный кекс (классический рецепт),['Ингредиенты\nМука - 160 г\nСахар - 150 г\nМасло или маргарин - 135 г\nЯйцо куриное - 3 шт. (200 г)\nКрахмал - 40 г\nРазрыхлитель - 3 г\nВанилин - щепотка\nЛимонный сок - 30 мл\nЦедра 1 лимона\nСоль - щепотка\nДля сахарной глазури:\nСахарная пудра - 70 г\nЛимонный сок - 20 мл'],https://www.iamcook.ru//showrecipe/11851,//img.iamcook.ru/old/upl/recipes/cat/u-5a9eea92193a63c33e7fcc5ef5f237aa.jpg
Куриные оладьи с кабачком и сыром,"['Ингредиенты\nФиле куриной грудки - 700 г\nМолодой кабачок - 1 шт.\nЯйца - 2 шт.\nСыр ""Гауда"" - 70 г\nСвежий укроп - 4 веточки\nЧеснок - 2 зубчика\nРафинированное растительное масло - 2 ст.л.\nСоль', 'черный молотый перец - по вкусу']",https://www.iamcook.ru//showrecipe/5473,//img.iamcook.ru/old/upl/recipes/cat/u-5c9d5c57401427f4322a88525f57f20e.jpg
